"User_ID,""Subscription_ID"",""Country_code"",""Age"",""Gender"",""Device_ID"""
"1,0,""us"",28,""Male"",1"
"2,2,""ca"",35,""Female"",2"
"3,1,""gb"",42,""Male"",4"
"4,1,""au"",51,""Female"",3"
"5,0,""de"",33,""Male"",1"
"6,2,""fr"",29,""Female"",4"
"7,1,""br"",46,""Male"",2"
"8,0,""mx"",39,""Female"",3"
"9,1,""es"",37,""Male"",1"
"10,2,""it"",44,""Female"",4"
"11,0,""us"",31,""Female"",1"
"12,2,""ca"",45,""Male"",2"
"13,1,""gb"",48,""Female"",3"
"14,0,""au"",27,""Male"",1"
"15,1,""de"",38,""Female"",4"
"16,2,""fr"",36,""Male"",2"
"17,0,""br"",30,""Female"",3"
"18,1,""mx"",43,""Male"",1"
"19,2,""es"",32,""Female"",4"
"20,0,""it"",41,""Male"",2"
"21,2,""us"",26,""Female"",3"
"22,0,""ca"",34,""Male"",1"
"23,1,""gb"",49,""Female"",4"
"24,1,""au"",31,""Male"",2"
"25,0,""de"",40,""Female"",3"
"26,2,""fr"",29,""Male"",1"
"27,0,""br"",47,""Female"",4"
"28,1,""mx"",33,""Male"",2"
"29,2,""es"",36,""Female"",3"
"30,0,""it"",42,""Male"",1"
"31,2,""us"",28,""Female"",4"
"32,0,""ca"",37,""Male"",2"
"33,1,""gb"",41,""Female"",3"
"34,1,""au"",29,""Male"",1"
"35,0,""de"",39,""Female"",4"
"36,2,""fr"",35,""Male"",2"
"37,0,""br"",45,""Female"",3"
"38,1,""mx"",32,""Male"",1"
"39,2,""es"",27,""Female"",4"
"40,0,""it"",48,""Male"",2"
"41,2,""us"",31,""Female"",3"
"42,0,""ca"",40,""Male"",1"
"43,1,""gb"",36,""Female"",4"
"44,1,""au"",29,""Male"",2"
"45,0,""de"",43,""Female"",3"
"46,2,""fr"",34,""Male"",1"
"47,0,""br"",39,""Female"",4"
"48,1,""mx"",32,""Male"",2"
"49,2,""es"",28,""Female"",3"
"50,0,""it"",45,""Male"",1"
"51,2,""us"",30,""Female"",4"
"52,0,""ca"",37,""Male"",2"
"53,1,""gb"",41,""Female"",3"
"54,1,""au"",29,""Male"",1"
"55,0,""de"",39,""Female"",4"
"56,2,""fr"",36,""Male"",2"
"57,0,""br"",46,""Female"",3"
"58,1,""mx"",34,""Male"",1"
"59,2,""es"",27,""Female"",4"
"60,0,""it"",42,""Male"",2"
"61,2,""us"",28,""Female"",3"
"62,0,""ca"",37,""Male"",1"
"63,1,""gb"",41,""Female"",4"
"64,1,""au"",29,""Male"",2"
"65,0,""de"",40,""Female"",3"
"66,2,""fr"",29,""Male"",1"
"67,0,""br"",47,""Female"",4"
"68,1,""mx"",33,""Male"",2"
"69,2,""es"",36,""Female"",3"
"70,0,""it"",41,""Male"",1"
"71,0,""us"",27,""Male"",1"
"72,0,""ca"",31,""Female"",1"
"73,1,""gb"",28,""Female"",3"
"74,2,""au"",41,""Female"",1"
"75,0,""de"",28,""Female"",3"
"76,0,""fr"",51,""Female"",3"
"77,2,""br"",45,""Female"",1"
"78,1,""mx"",49,""Male"",2"
"79,1,""es"",43,""Female"",3"
"80,0,""it"",43,""Male"",2"
"81,2,""us"",37,""Male"",2"
"82,1,""ca"",35,""Male"",3"
"83,0,""gb"",46,""Female"",1"
"84,1,""au"",32,""Male"",1"
"85,2,""de"",37,""Female"",3"
"86,0,""fr"",29,""Female"",1"
"87,2,""br"",45,""Male"",4"
"88,1,""mx"",47,""Male"",2"
"89,0,""es"",39,""Male"",1"
"90,1,""it"",49,""Female"",1"
"91,2,""us"",39,""Male"",2"
"92,0,""ca"",39,""Male"",4"
"93,1,""gb"",35,""Male"",1"
"94,2,""au"",44,""Male"",1"
"95,0,""de"",34,""Male"",3"
"96,2,""fr"",32,""Male"",3"
"97,0,""br"",29,""Female"",2"
"98,1,""mx"",31,""Female"",2"
"99,1,""es"",29,""Female"",2"
"100,0,""it"",35,""Male"",3"
"101,2,""us"",46,""Female"",2"
"102,0,""ca"",31,""Male"",2"
"103,1,""gb"",36,""Male"",3"
"104,2,""au"",38,""Male"",3"
"105,0,""de"",46,""Female"",3"
"106,2,""fr"",49,""Female"",2"
"107,0,""br"",29,""Female"",4"
"108,1,""mx"",27,""Female"",4"
"109,1,""es"",35,""Female"",2"
"110,0,""it"",37,""Female"",3"
"111,2,""us"",40,""Male"",2"
"112,0,""ca"",33,""Female"",3"
"113,1,""gb"",37,""Male"",2"
"114,2,""au"",48,""Male"",1"
"115,0,""de"",50,""Female"",3"
"116,2,""fr"",45,""Female"",4"
"117,0,""br"",40,""Female"",2"
"118,1,""mx"",33,""Male"",1"
"119,1,""es"",44,""Female"",1"
"120,0,""it"",30,""Female"",4"
"121,2,""us"",27,""Male"",4"
"122,0,""ca"",51,""Male"",4"
"123,1,""gb"",49,""Female"",1"
"124,2,""au"",43,""Male"",3"
"125,0,""de"",42,""Male"",1"
"126,2,""fr"",45,""Male"",3"
"127,0,""br"",36,""Male"",1"
"128,1,""mx"",48,""Male"",1"
"129,1,""es"",38,""Male"",4"
"130,0,""it"",43,""Female"",2"
"131,2,""us"",47,""Male"",3"
"132,0,""ca"",48,""Female"",4"
"133,1,""gb"",47,""Male"",4"
"134,2,""au"",32,""Male"",2"
"135,0,""de"",47,""Female"",4"
"136,2,""fr"",41,""Female"",4"
"137,0,""br"",49,""Male"",3"
"138,1,""mx"",28,""Male"",3"
"139,1,""es"",40,""Male"",1"
"140,0,""it"",43,""Female"",1"
"141,2,""us"",42,""Male"",1"
"142,0,""ca"",28,""Male"",4"
"143,1,""gb"",30,""Female"",2"
"144,2,""au"",33,""Male"",4"
"145,0,""de"",35,""Female"",3"
"146,0,""fr"",38,""Male"",2"
"147,0,""br"",49,""Female"",3"
"148,1,""mx"",39,""Female"",1"
"149,2,""es"",46,""Female"",4"
"150,0,""it"",47,""Female"",3"
"151,0,""us"",30,""Female"",3"
"152,2,""ca"",33,""Female"",2"
"153,1,""gb"",47,""Male"",1"
"154,1,""au"",27,""Male"",3"
"155,0,""de"",28,""Male"",2"
"156,2,""fr"",47,""Male"",1"
"157,1,""br"",30,""Male"",3"
"158,0,""mx"",47,""Female"",1"
"159,1,""es"",51,""Female"",4"
"160,2,""it"",39,""Male"",1"
"161,0,""us"",45,""Male"",2"
"162,2,""ca"",31,""Male"",3"
"163,1,""gb"",29,""Male"",3"
"164,0,""au"",42,""Female"",2"
"165,1,""de"",49,""Male"",2"
"166,2,""fr"",42,""Male"",3"
"167,0,""br"",29,""Male"",1"
"168,1,""mx"",29,""Male"",2"
"169,2,""es"",49,""Male"",2"
"170,0,""it"",32,""Male"",3"
"171,2,""us"",35,""Female"",2"
"172,0,""ca"",39,""Female"",1"
"173,1,""gb"",40,""Male"",1"
"174,1,""au"",39,""Female"",2"
"175,0,""de"",47,""Female"",3"
"176,2,""fr"",37,""Female"",4"
"177,0,""br"",27,""Female"",1"
"178,1,""mx"",49,""Female"",3"
"179,2,""es"",30,""Female"",2"
"180,0,""it"",36,""Male"",3"
"181,2,""us"",33,""Male"",1"
"182,0,""ca"",30,""Female"",3"
"183,1,""gb"",36,""Female"",2"
"184,1,""au"",28,""Female"",3"
"185,0,""de"",47,""Female"",2"
"186,2,""fr"",33,""Female"",4"
"187,0,""br"",49,""Female"",3"
"188,1,""mx"",44,""Female"",4"
"189,2,""es"",47,""Male"",4"
"190,0,""it"",37,""Female"",2"
"191,2,""us"",46,""Male"",3"
"192,0,""ca"",50,""Female"",1"
"193,1,""gb"",50,""Male"",3"
"194,1,""au"",37,""Male"",3"
"195,0,""de"",50,""Female"",1"
"196,2,""fr"",45,""Female"",4"
"197,0,""br"",45,""Male"",2"
"198,1,""mx"",49,""Female"",3"
"199,2,""es"",39,""Female"",2"
"200,0,""it"",45,""Female"",2"
"201,2,""us"",49,""Female"",4"
"202,0,""ca"",31,""Female"",2"
"203,1,""gb"",42,""Female"",4"
"204,1,""au"",37,""Male"",1"
"205,0,""de"",30,""Male"",4"
"206,2,""fr"",40,""Male"",1"
"207,0,""br"",45,""Female"",1"
"208,1,""mx"",36,""Female"",2"
"209,2,""es"",41,""Male"",3"
"210,0,""it"",49,""Female"",3"
"211,2,""us"",40,""Male"",2"
"212,0,""ca"",36,""Male"",4"
"213,1,""gb"",49,""Female"",4"
"214,1,""au"",43,""Female"",3"
"215,0,""de"",50,""Female"",1"
"216,2,""fr"",51,""Female"",4"
"217,0,""br"",44,""Male"",4"
"218,1,""mx"",27,""Male"",2"
"219,2,""es"",46,""Female"",1"
"220,0,""it"",29,""Male"",2"
"221,0,""us"",47,""Male"",1"
"222,0,""ca"",48,""Female"",1"
"223,1,""gb"",34,""Female"",1"
"224,2,""au"",40,""Female"",1"
"225,0,""de"",48,""Female"",1"
"226,0,""fr"",35,""Male"",1"
"227,2,""br"",51,""Female"",1"
"228,1,""mx"",39,""Male"",4"
"229,1,""es"",29,""Male"",1"
"230,0,""it"",51,""Male"",3"
"231,2,""us"",43,""Male"",1"
"232,1,""ca"",28,""Male"",1"
"233,0,""gb"",50,""Female"",4"
"234,1,""au"",44,""Female"",3"
"235,2,""de"",50,""Male"",3"
"236,0,""fr"",39,""Female"",1"
"237,2,""br"",46,""Female"",2"
"238,1,""mx"",48,""Male"",1"
"239,0,""es"",38,""Male"",4"
"240,1,""it"",38,""Male"",1"
"241,2,""us"",47,""Male"",3"
"242,0,""ca"",37,""Male"",3"
"243,1,""gb"",33,""Male"",3"
"244,2,""au"",28,""Male"",1"
"245,0,""de"",47,""Male"",4"
"246,2,""fr"",38,""Female"",1"
"247,0,""br"",27,""Male"",4"
"248,1,""mx"",34,""Male"",1"
"249,1,""es"",42,""Female"",1"
"250,0,""it"",28,""Male"",3"
"251,2,""us"",30,""Male"",3"
"252,0,""ca"",38,""Female"",1"
"253,1,""gb"",45,""Female"",2"
"254,2,""au"",48,""Female"",4"
"255,0,""de"",46,""Female"",4"
"256,2,""fr"",34,""Male"",2"
"257,0,""br"",46,""Male"",3"
"258,1,""mx"",41,""Female"",1"
"259,1,""es"",28,""Male"",1"
"260,0,""it"",27,""Female"",1"
"261,2,""us"",27,""Female"",4"
"262,0,""ca"",28,""Female"",2"
"263,1,""gb"",46,""Male"",1"
"264,2,""au"",51,""Male"",1"
"265,0,""de"",32,""Female"",4"
"266,2,""fr"",44,""Male"",2"
"267,0,""br"",44,""Female"",3"
"268,1,""mx"",34,""Female"",4"
"269,1,""es"",29,""Female"",3"
"270,0,""it"",47,""Male"",4"
"271,2,""us"",41,""Male"",3"
"272,0,""ca"",36,""Female"",1"
"273,1,""gb"",28,""Female"",3"
"274,2,""au"",27,""Female"",2"
"275,0,""de"",34,""Female"",3"
"276,2,""fr"",34,""Female"",4"
"277,0,""br"",37,""Female"",2"
"278,1,""mx"",34,""Female"",3"
"279,1,""es"",50,""Female"",3"
"280,0,""it"",34,""Female"",3"
"281,2,""us"",33,""Female"",4"
"282,0,""ca"",33,""Male"",4"
"283,1,""gb"",46,""Male"",1"
"284,2,""au"",39,""Female"",1"
"285,0,""de"",42,""Female"",3"
"286,2,""fr"",50,""Female"",3"
"287,0,""br"",43,""Male"",1"
"288,1,""mx"",51,""Male"",4"
"289,1,""es"",34,""Female"",4"
"290,0,""it"",48,""Male"",1"
"291,2,""us"",29,""Female"",2"
"292,0,""ca"",43,""Female"",3"
"293,1,""gb"",39,""Female"",3"
"294,2,""au"",50,""Male"",3"
"295,0,""de"",45,""Male"",3"
"296,0,""fr"",48,""Female"",2"
"297,0,""br"",40,""Male"",1"
"298,1,""mx"",41,""Male"",2"
"299,2,""es"",27,""Male"",1"
"300,0,""it"",36,""Male"",3"
"301,0,""us"",36,""Female"",3"
"302,2,""ca"",44,""Male"",2"
"303,1,""gb"",45,""Male"",2"
"304,1,""au"",33,""Female"",1"
"305,0,""de"",47,""Male"",4"
"306,2,""fr"",45,""Male"",2"
"307,1,""br"",29,""Female"",4"
"308,0,""mx"",31,""Male"",4"
"309,1,""es"",31,""Male"",1"
"310,2,""it"",49,""Female"",1"
"311,0,""us"",29,""Female"",1"
"312,2,""ca"",50,""Male"",3"
"313,1,""gb"",36,""Female"",3"
"314,0,""au"",28,""Male"",3"
"315,1,""de"",47,""Female"",4"
"316,2,""fr"",50,""Female"",3"
"317,0,""br"",44,""Female"",2"
"318,1,""mx"",39,""Female"",3"
"319,2,""es"",32,""Female"",1"
"320,0,""it"",30,""Female"",3"
"321,2,""us"",33,""Female"",1"
"322,0,""ca"",44,""Male"",1"
"323,1,""gb"",40,""Male"",1"
"324,1,""au"",32,""Male"",2"
"325,0,""de"",32,""Male"",2"
"326,2,""fr"",30,""Male"",1"
"327,0,""br"",32,""Female"",1"
"328,1,""mx"",45,""Female"",2"
"329,2,""es"",35,""Female"",4"
"330,0,""it"",40,""Female"",4"
"331,2,""us"",29,""Female"",2"
"332,0,""ca"",31,""Male"",2"
"333,1,""gb"",43,""Female"",4"
"334,1,""au"",34,""Male"",4"
"335,0,""de"",47,""Female"",2"
"336,2,""fr"",35,""Male"",3"
"337,0,""br"",36,""Male"",3"
"338,1,""mx"",33,""Male"",2"
"339,2,""es"",30,""Female"",3"
"340,0,""it"",44,""Female"",1"
"341,2,""us"",44,""Female"",3"
"342,0,""ca"",41,""Female"",3"
"343,1,""gb"",46,""Male"",4"
"344,1,""au"",42,""Female"",1"
"345,0,""de"",48,""Female"",4"
"346,2,""fr"",37,""Male"",2"
"347,0,""br"",29,""Male"",1"
"348,1,""mx"",30,""Male"",4"
"349,2,""es"",28,""Male"",1"
"350,0,""it"",44,""Female"",1"
"351,2,""us"",34,""Female"",4"
"352,0,""ca"",38,""Male"",3"
"353,1,""gb"",34,""Female"",1"
"354,1,""au"",40,""Female"",3"
"355,0,""de"",32,""Female"",2"
"356,2,""fr"",38,""Male"",4"
"357,0,""br"",39,""Male"",1"
"358,1,""mx"",34,""Female"",4"
"359,2,""es"",41,""Male"",1"
"360,0,""it"",43,""Female"",2"
"361,2,""us"",36,""Female"",3"
"362,0,""ca"",31,""Male"",3"
"363,1,""gb"",47,""Female"",4"
"364,1,""au"",48,""Male"",4"
"365,0,""de"",36,""Male"",3"
"366,2,""fr"",41,""Male"",4"
"367,0,""br"",32,""Male"",3"
"368,1,""mx"",28,""Male"",1"
"369,2,""es"",46,""Female"",1"
"370,0,""it"",46,""Female"",1"
"371,0,""us"",47,""Male"",2"
"372,0,""ca"",31,""Female"",2"
"373,1,""gb"",44,""Female"",2"
"374,2,""au"",39,""Female"",3"
"375,0,""de"",44,""Female"",3"
"376,0,""fr"",39,""Female"",1"
"377,2,""br"",37,""Male"",3"
"378,1,""mx"",47,""Female"",3"
"379,1,""es"",46,""Female"",4"
"380,0,""it"",27,""Female"",4"
"381,2,""us"",43,""Female"",3"
"382,1,""ca"",51,""Male"",4"
"383,0,""gb"",49,""Male"",4"
"384,1,""au"",35,""Female"",1"
"385,2,""de"",44,""Male"",1"
"386,0,""fr"",48,""Male"",2"
"387,2,""br"",39,""Female"",2"
"388,1,""mx"",38,""Male"",3"
"389,0,""es"",45,""Male"",4"
"390,1,""it"",43,""Female"",3"
"391,2,""us"",42,""Male"",3"
"392,0,""ca"",28,""Male"",4"
"393,1,""gb"",40,""Male"",2"
"394,2,""au"",41,""Female"",2"
"395,0,""de"",45,""Female"",3"
"396,2,""fr"",30,""Female"",1"
"397,0,""br"",31,""Female"",1"
"398,1,""mx"",51,""Female"",2"
"399,1,""es"",44,""Female"",1"
"400,0,""it"",49,""Male"",3"
"401,2,""us"",47,""Female"",3"
"402,0,""ca"",42,""Male"",1"
"403,1,""gb"",28,""Male"",1"
"404,2,""au"",28,""Male"",1"
"405,0,""de"",49,""Female"",2"
"406,2,""fr"",32,""Female"",1"
"407,0,""br"",37,""Female"",2"
"408,1,""mx"",37,""Female"",2"
"409,1,""es"",37,""Male"",1"
"410,0,""it"",37,""Male"",4"
"411,2,""us"",48,""Female"",2"
"412,0,""ca"",47,""Male"",3"
"413,1,""gb"",41,""Female"",1"
"414,2,""au"",47,""Female"",3"
"415,0,""de"",39,""Female"",1"
"416,2,""fr"",28,""Male"",2"
"417,0,""br"",31,""Male"",4"
"418,1,""mx"",47,""Female"",4"
"419,1,""es"",27,""Female"",3"
"420,0,""it"",28,""Male"",3"
"421,2,""us"",33,""Male"",2"
"422,0,""ca"",29,""Female"",2"
"423,1,""gb"",41,""Male"",1"
"424,2,""au"",28,""Female"",2"
"425,0,""de"",38,""Male"",2"
"426,2,""fr"",35,""Male"",3"
"427,0,""br"",51,""Male"",4"
"428,1,""mx"",45,""Male"",1"
"429,1,""es"",51,""Male"",3"
"430,0,""it"",46,""Female"",4"
"431,2,""us"",28,""Male"",4"
"432,0,""ca"",46,""Female"",4"
"433,1,""gb"",46,""Female"",1"
"434,2,""au"",32,""Female"",3"
"435,0,""de"",39,""Female"",4"
"436,2,""fr"",41,""Female"",1"
"437,0,""br"",47,""Male"",4"
"438,1,""mx"",35,""Male"",4"
"439,1,""es"",37,""Female"",4"
"440,0,""it"",47,""Male"",2"
"441,2,""us"",48,""Female"",3"
"442,0,""ca"",30,""Female"",3"
"443,1,""gb"",36,""Male"",4"
"444,2,""au"",50,""Female"",1"
"445,0,""de"",41,""Male"",2"
"446,0,""fr"",46,""Female"",1"
"447,0,""br"",36,""Female"",3"
"448,1,""mx"",48,""Male"",2"
"449,2,""es"",37,""Female"",3"
"450,0,""it"",49,""Male"",3"
"451,0,""us"",31,""Female"",3"
"452,2,""ca"",42,""Female"",3"
"453,1,""gb"",45,""Female"",2"
"454,1,""au"",51,""Female"",2"
"455,0,""de"",31,""Female"",4"
"456,2,""fr"",41,""Male"",2"
"457,1,""br"",40,""Male"",4"
"458,0,""mx"",27,""Male"",2"
"459,1,""es"",46,""Female"",2"
"460,2,""it"",30,""Female"",4"
"461,0,""us"",37,""Male"",4"
"462,2,""ca"",45,""Male"",1"
"463,1,""gb"",40,""Male"",4"
"464,0,""au"",45,""Male"",3"
"465,1,""de"",34,""Male"",3"
"466,2,""fr"",33,""Male"",3"
"467,0,""br"",47,""Female"",3"
"468,1,""mx"",32,""Male"",4"
"469,2,""es"",41,""Female"",2"
"470,0,""it"",31,""Female"",2"
"471,2,""us"",43,""Male"",2"
"472,0,""ca"",32,""Female"",2"
"473,1,""gb"",46,""Female"",1"
"474,1,""au"",38,""Male"",1"
"475,0,""de"",31,""Female"",4"
"476,2,""fr"",31,""Female"",3"
"477,0,""br"",50,""Male"",3"
"478,1,""mx"",32,""Male"",3"
"479,2,""es"",38,""Female"",1"
"480,0,""it"",37,""Female"",3"
"481,2,""us"",36,""Male"",4"
"482,0,""ca"",30,""Male"",4"
"483,1,""gb"",28,""Male"",4"
"484,1,""au"",40,""Male"",1"
"485,0,""de"",28,""Female"",2"
"486,2,""fr"",37,""Female"",3"
"487,0,""br"",30,""Male"",4"
"488,1,""mx"",33,""Female"",4"
"489,2,""es"",49,""Male"",2"
"490,0,""it"",36,""Female"",4"
"491,2,""us"",28,""Female"",1"
"492,0,""ca"",51,""Male"",2"
"493,1,""gb"",35,""Female"",1"
"494,1,""au"",31,""Male"",4"
"495,0,""de"",39,""Male"",1"
"496,2,""fr"",51,""Female"",3"
"497,0,""br"",44,""Male"",1"
"498,1,""mx"",41,""Female"",1"
"499,2,""es"",28,""Female"",3"
"500,0,""it"",38,""Male"",3"
"501,2,""es"",43,""Male"",1"
"502,0,""es"",38,""Male"",1"
"503,1,""us"",30,""Male"",2"
"504,1,""ca"",32,""Female"",3"
"505,0,""us"",35,""Male"",1"
"506,2,""us"",27,""Male"",4"
"507,0,""ca"",49,""Female"",2"
"508,1,""gb"",42,""Female"",2"
"509,2,""au"",40,""Male"",1"
"510,0,""de"",43,""Female"",2"
"511,2,""fr"",44,""Female"",4"
"512,0,""br"",32,""Male"",2"
"513,1,""mx"",50,""Male"",2"
"514,1,""es"",35,""Male"",2"
"515,0,""it"",44,""Female"",3"
"516,2,""es"",42,""Female"",4"
"517,0,""es"",34,""Female"",4"
"518,1,""us"",37,""Female"",2"
"519,2,""ca"",43,""Male"",1"
"520,0,""us"",32,""Male"",4"
"521,0,""us"",33,""Female"",4"
"522,0,""ca"",32,""Female"",2"
"523,1,""gb"",41,""Male"",1"
"524,2,""au"",31,""Male"",2"
"525,0,""de"",44,""Male"",2"
"526,0,""fr"",49,""Male"",3"
"527,2,""br"",48,""Female"",2"
"528,1,""mx"",42,""Female"",1"
"529,1,""es"",50,""Female"",3"
"530,0,""it"",49,""Female"",4"
"531,2,""es"",30,""Female"",3"
"532,1,""es"",38,""Male"",3"
"533,0,""us"",38,""Male"",1"
"534,1,""ca"",39,""Female"",4"
"535,2,""us"",42,""Female"",3"
"536,0,""us"",28,""Male"",4"
"537,2,""ca"",38,""Male"",1"
"538,1,""gb"",40,""Female"",2"
"539,0,""au"",30,""Female"",2"
"540,1,""de"",40,""Male"",1"
"541,2,""fr"",31,""Male"",4"
"542,0,""br"",41,""Male"",1"
"543,1,""mx"",37,""Male"",1"
"544,2,""es"",49,""Male"",2"
"545,0,""it"",29,""Male"",4"
"546,2,""es"",31,""Male"",4"
"547,0,""es"",39,""Male"",2"
"548,1,""us"",51,""Female"",1"
"549,1,""ca"",38,""Female"",1"
"550,0,""us"",29,""Female"",2"
"551,2,""us"",41,""Female"",3"
"552,0,""ca"",48,""Female"",2"
"553,1,""gb"",39,""Male"",4"
"554,2,""au"",37,""Male"",1"
"555,0,""de"",37,""Female"",1"
"556,2,""fr"",34,""Male"",1"
"557,0,""br"",37,""Male"",1"
"558,1,""mx"",37,""Female"",4"
"559,1,""es"",51,""Female"",2"
"560,0,""it"",45,""Male"",3"
"561,2,""es"",29,""Female"",3"
"562,0,""es"",37,""Male"",3"
"563,1,""us"",34,""Male"",2"
"564,2,""ca"",35,""Male"",1"
"565,0,""us"",29,""Male"",3"
"566,2,""us"",45,""Male"",2"
"567,0,""ca"",36,""Male"",4"
"568,1,""gb"",27,""Female"",3"
"569,1,""au"",31,""Female"",3"
"570,0,""de"",41,""Female"",3"
"571,2,""fr"",37,""Male"",4"
"572,0,""br"",49,""Female"",2"
"573,1,""mx"",37,""Female"",4"
"574,2,""es"",36,""Female"",1"
"575,0,""it"",38,""Female"",4"
"576,2,""es"",49,""Female"",2"
"577,0,""es"",31,""Male"",3"
"578,1,""us"",29,""Female"",3"
"579,1,""ca"",35,""Female"",2"
"580,0,""us"",46,""Female"",2"
"581,2,""us"",29,""Female"",3"
"582,0,""ca"",43,""Female"",3"
"583,1,""gb"",38,""Female"",2"
"584,2,""au"",48,""Female"",4"
"585,0,""de"",41,""Male"",3"
"586,2,""fr"",51,""Female"",3"
"587,0,""br"",39,""Male"",4"
"588,1,""mx"",31,""Male"",1"
"589,1,""es"",28,""Male"",3"
"590,0,""it"",47,""Male"",3"
"591,2,""es"",35,""Female"",4"
"592,0,""es"",33,""Male"",1"
"593,1,""us"",41,""Male"",1"
"594,2,""ca"",38,""Female"",4"
"595,0,""us"",49,""Male"",3"
"596,0,""us"",29,""Female"",4"
"597,0,""ca"",50,""Male"",3"
"598,1,""gb"",29,""Female"",2"
"599,2,""au"",44,""Male"",4"
"600,0,""de"",36,""Female"",4"
"601,0,""fr"",46,""Female"",4"
"602,2,""br"",30,""Male"",1"
"603,1,""mx"",46,""Female"",2"
"604,1,""es"",33,""Male"",1"
"605,0,""it"",46,""Female"",2"
"606,2,""es"",50,""Male"",2"
"607,1,""es"",27,""Female"",4"
"608,0,""us"",48,""Female"",4"
"609,1,""ca"",50,""Female"",1"
"610,2,""us"",28,""Female"",2"
"611,0,""us"",29,""Female"",1"
"612,2,""ca"",36,""Male"",4"
"613,1,""gb"",51,""Male"",3"
"614,0,""au"",51,""Male"",1"
"615,1,""de"",43,""Male"",4"
"616,2,""fr"",38,""Female"",3"
"617,0,""br"",45,""Female"",1"
"618,1,""mx"",28,""Female"",4"
"619,2,""es"",27,""Male"",1"
"620,0,""it"",41,""Female"",1"
"621,2,""es"",49,""Male"",4"
"622,0,""es"",35,""Male"",1"
"623,1,""us"",29,""Female"",4"
"624,1,""ca"",42,""Male"",1"
"625,0,""us"",33,""Male"",2"
"626,2,""us"",30,""Male"",3"
"627,0,""ca"",43,""Female"",4"
"628,1,""gb"",42,""Male"",1"
"629,2,""au"",39,""Male"",2"
"630,0,""de"",32,""Female"",4"
"631,2,""fr"",31,""Male"",1"
"632,0,""br"",39,""Male"",1"
"633,1,""mx"",41,""Female"",1"
"634,1,""es"",51,""Female"",4"
"635,0,""it"",29,""Male"",3"
"636,2,""es"",33,""Female"",4"
"637,0,""es"",51,""Female"",2"
"638,1,""us"",38,""Male"",2"
"639,2,""ca"",37,""Female"",3"
"640,0,""us"",50,""Female"",3"
"641,2,""us"",33,""Male"",2"
"642,0,""ca"",27,""Male"",3"
"643,1,""gb"",50,""Female"",1"
"644,1,""au"",47,""Female"",3"
"645,0,""de"",41,""Male"",3"
"646,2,""fr"",49,""Female"",3"
"647,0,""br"",32,""Male"",4"
"648,1,""mx"",38,""Female"",1"
"649,2,""es"",38,""Female"",1"
"650,0,""it"",28,""Female"",4"
"651,2,""es"",31,""Male"",2"
"652,0,""es"",39,""Female"",1"
"653,1,""us"",28,""Female"",1"
"654,1,""ca"",30,""Female"",1"
"655,0,""us"",42,""Male"",2"
"656,2,""us"",33,""Female"",3"
"657,0,""ca"",34,""Female"",4"
"658,1,""gb"",49,""Female"",4"
"659,2,""au"",41,""Male"",3"
"660,0,""de"",28,""Male"",4"
"661,2,""fr"",49,""Female"",3"
"662,0,""br"",49,""Male"",2"
"663,1,""mx"",36,""Male"",2"
"664,1,""es"",31,""Male"",4"
"665,0,""it"",38,""Male"",1"
"666,2,""es"",34,""Female"",2"
"667,0,""es"",51,""Female"",1"
"668,1,""us"",49,""Male"",4"
"669,2,""ca"",27,""Female"",2"
"670,0,""us"",38,""Male"",4"
"671,0,""us"",51,""Male"",2"
"672,0,""ca"",47,""Female"",2"
"673,1,""gb"",37,""Male"",1"
"674,2,""au"",37,""Female"",3"
"675,0,""de"",39,""Female"",2"
"676,0,""fr"",31,""Male"",1"
"677,2,""br"",36,""Male"",4"
"678,1,""mx"",42,""Female"",4"
"679,1,""es"",49,""Male"",3"
"680,0,""it"",44,""Female"",3"
"681,2,""es"",33,""Male"",3"
"682,1,""es"",42,""Male"",2"
"683,0,""us"",39,""Male"",1"
"684,1,""ca"",49,""Male"",1"
"685,2,""us"",31,""Male"",1"
"686,0,""us"",37,""Male"",2"
"687,2,""ca"",30,""Female"",2"
"688,1,""gb"",42,""Male"",1"
"689,0,""au"",37,""Female"",4"
"690,1,""de"",36,""Male"",3"
"691,2,""fr"",28,""Female"",3"
"692,0,""br"",36,""Male"",2"
"693,1,""mx"",31,""Female"",2"
"694,2,""es"",46,""Male"",4"
"695,0,""it"",28,""Male"",3"
"696,2,""es"",31,""Male"",2"
"697,0,""es"",43,""Male"",4"
"698,1,""us"",28,""Male"",3"
"699,1,""ca"",32,""Female"",1"
"700,0,""us"",31,""Female"",3"
"701,2,""us"",45,""Male"",4"
"702,0,""ca"",36,""Male"",1"
"703,1,""gb"",35,""Male"",3"
"704,2,""au"",27,""Female"",2"
"705,0,""de"",32,""Male"",3"
"706,2,""fr"",46,""Female"",1"
"707,0,""br"",36,""Male"",4"
"708,1,""mx"",39,""Male"",3"
"709,1,""es"",48,""Female"",4"
"710,0,""it"",48,""Female"",4"
"711,2,""es"",27,""Female"",3"
"712,0,""es"",45,""Male"",2"
"713,1,""us"",30,""Male"",3"
"714,2,""ca"",29,""Male"",2"
"715,0,""us"",43,""Female"",3"
"716,2,""us"",43,""Male"",3"
"717,0,""ca"",39,""Female"",2"
"718,1,""gb"",27,""Male"",2"
"719,1,""au"",33,""Female"",2"
"720,0,""de"",32,""Female"",2"
"721,2,""fr"",37,""Female"",2"
"722,0,""br"",45,""Male"",1"
"723,1,""mx"",40,""Female"",1"
"724,2,""es"",44,""Male"",3"
"725,0,""it"",29,""Female"",2"
"726,2,""es"",50,""Male"",3"
"727,0,""es"",32,""Female"",3"
"728,1,""us"",39,""Male"",3"
"729,1,""ca"",43,""Female"",1"
"730,0,""us"",49,""Female"",1"
"731,2,""us"",30,""Male"",2"
"732,0,""ca"",47,""Male"",2"
"733,1,""gb"",51,""Female"",3"
"734,2,""au"",40,""Male"",2"
"735,0,""de"",40,""Male"",3"
"736,2,""fr"",49,""Male"",1"
"737,0,""br"",43,""Female"",2"
"738,1,""mx"",44,""Female"",1"
"739,1,""es"",27,""Male"",1"
"740,0,""it"",30,""Male"",2"
"741,2,""es"",47,""Male"",4"
"742,0,""es"",51,""Male"",1"
"743,1,""us"",31,""Female"",3"
"744,2,""ca"",34,""Female"",2"
"745,0,""us"",28,""Female"",3"
"746,0,""us"",32,""Male"",1"
"747,0,""ca"",41,""Male"",4"
"748,1,""gb"",40,""Male"",4"
"749,2,""au"",46,""Male"",4"
"750,0,""de"",47,""Male"",4"
"751,0,""fr"",45,""Female"",3"
"752,2,""br"",28,""Female"",1"
"753,1,""mx"",43,""Female"",1"
"754,1,""es"",41,""Male"",3"
"755,0,""it"",32,""Male"",2"
"756,2,""es"",44,""Female"",1"
"757,1,""es"",32,""Male"",3"
"758,0,""us"",47,""Male"",3"
"759,1,""ca"",37,""Male"",4"
"760,2,""us"",40,""Female"",1"
"761,0,""us"",48,""Female"",4"
"762,2,""ca"",48,""Male"",3"
"763,1,""gb"",35,""Male"",3"
"764,0,""au"",28,""Male"",4"
"765,1,""de"",35,""Female"",4"
"766,2,""fr"",43,""Male"",1"
"767,0,""br"",39,""Male"",3"
"768,1,""mx"",38,""Female"",3"
"769,2,""es"",36,""Female"",4"
"770,0,""it"",42,""Female"",3"
"771,2,""es"",27,""Male"",2"
"772,0,""es"",48,""Male"",3"
"773,1,""us"",27,""Female"",4"
"774,1,""ca"",49,""Male"",1"
"775,0,""us"",29,""Male"",2"
"776,2,""us"",44,""Male"",3"
"777,0,""ca"",31,""Male"",1"
"778,1,""gb"",33,""Male"",2"
"779,2,""au"",36,""Female"",4"
"780,0,""de"",43,""Female"",3"
"781,2,""fr"",30,""Female"",1"
"782,0,""br"",44,""Female"",3"
"783,1,""mx"",37,""Female"",3"
"784,1,""es"",27,""Male"",3"
"785,0,""it"",35,""Female"",3"
"786,2,""es"",32,""Male"",4"
"787,0,""es"",49,""Female"",3"
"788,1,""us"",45,""Female"",2"
"789,2,""ca"",33,""Female"",1"
"790,0,""us"",37,""Female"",1"
"791,2,""us"",29,""Male"",1"
"792,0,""ca"",45,""Male"",4"
"793,1,""gb"",42,""Female"",1"
"794,1,""au"",32,""Female"",4"
"795,0,""de"",47,""Male"",1"
"796,2,""fr"",27,""Male"",4"
"797,0,""br"",35,""Male"",2"
"798,1,""mx"",35,""Male"",3"
"799,2,""es"",48,""Male"",2"
"800,0,""it"",36,""Male"",1"
"801,2,""es"",46,""Male"",1"
"802,0,""es"",33,""Female"",1"
"803,1,""us"",43,""Male"",4"
"804,1,""ca"",47,""Female"",1"
"805,0,""us"",39,""Female"",3"
"806,2,""us"",30,""Female"",3"
"807,0,""ca"",46,""Male"",2"
"808,1,""gb"",39,""Male"",4"
"809,2,""au"",28,""Male"",1"
"810,0,""de"",38,""Male"",1"
"811,2,""fr"",36,""Male"",3"
"812,0,""br"",33,""Male"",3"
"813,1,""mx"",50,""Male"",1"
"814,1,""es"",38,""Male"",1"
"815,0,""it"",29,""Male"",1"
"816,2,""es"",47,""Female"",4"
"817,0,""es"",31,""Female"",2"
"818,1,""us"",40,""Male"",2"
"819,2,""ca"",50,""Male"",3"
"820,0,""us"",43,""Female"",2"
"821,0,""us"",35,""Female"",3"
"822,0,""ca"",36,""Male"",3"
"823,1,""gb"",30,""Male"",1"
"824,2,""au"",47,""Female"",1"
"825,0,""de"",30,""Female"",3"
"826,0,""fr"",37,""Male"",4"
"827,2,""br"",34,""Male"",1"
"828,1,""mx"",33,""Female"",4"
"829,1,""es"",31,""Male"",2"
"830,0,""it"",30,""Female"",1"
"831,2,""es"",35,""Male"",1"
"832,1,""es"",40,""Female"",2"
"833,0,""us"",29,""Male"",1"
"834,1,""ca"",34,""Female"",4"
"835,2,""us"",31,""Male"",3"
"836,0,""us"",28,""Male"",3"
"837,2,""ca"",46,""Female"",4"
"838,1,""gb"",38,""Male"",1"
"839,0,""au"",35,""Female"",3"
"840,1,""de"",49,""Male"",1"
"841,2,""fr"",42,""Male"",1"
"842,0,""br"",37,""Female"",3"
"843,1,""mx"",39,""Female"",1"
"844,2,""es"",47,""Female"",4"
"845,0,""it"",49,""Male"",1"
"846,2,""es"",35,""Male"",3"
"847,0,""es"",36,""Female"",4"
"848,1,""us"",40,""Male"",2"
"849,1,""ca"",30,""Female"",4"
"850,0,""us"",51,""Female"",4"
"851,2,""us"",47,""Male"",3"
"852,0,""ca"",47,""Female"",3"
"853,1,""gb"",39,""Male"",2"
"854,2,""au"",49,""Male"",4"
"855,0,""de"",33,""Male"",3"
"856,2,""fr"",32,""Female"",4"
"857,0,""br"",40,""Male"",1"
"858,1,""mx"",40,""Female"",3"
"859,1,""es"",51,""Female"",2"
"860,0,""it"",50,""Male"",4"
"861,2,""es"",50,""Female"",4"
"862,0,""es"",47,""Male"",1"
"863,1,""us"",35,""Male"",3"
"864,2,""ca"",31,""Male"",2"
"865,0,""us"",36,""Male"",1"
"866,2,""us"",41,""Female"",4"
"867,0,""ca"",49,""Female"",2"
"868,1,""gb"",34,""Female"",2"
"869,1,""au"",30,""Female"",2"
"870,0,""de"",38,""Male"",3"
"871,2,""fr"",45,""Male"",2"
"872,0,""br"",42,""Female"",3"
"873,1,""mx"",42,""Female"",4"
"874,2,""es"",31,""Male"",4"
"875,0,""it"",28,""Male"",4"
"876,2,""es"",44,""Male"",2"
"877,0,""es"",30,""Male"",4"
"878,1,""us"",33,""Male"",1"
"879,1,""ca"",42,""Female"",2"
"880,0,""us"",31,""Male"",4"
"881,2,""us"",31,""Female"",1"
"882,0,""ca"",46,""Female"",4"
"883,1,""gb"",28,""Female"",2"
"884,2,""au"",50,""Male"",2"
"885,0,""de"",34,""Male"",2"
"886,2,""fr"",45,""Female"",4"
"887,0,""br"",38,""Female"",3"
"888,1,""mx"",42,""Female"",3"
"889,1,""es"",45,""Female"",1"
"890,0,""it"",44,""Male"",4"
"891,2,""es"",50,""Female"",4"
"892,0,""es"",38,""Male"",2"
"893,1,""us"",42,""Female"",4"
"894,2,""ca"",50,""Male"",4"
"895,0,""us"",30,""Male"",1"
"896,0,""us"",47,""Female"",1"
"897,0,""ca"",32,""Female"",3"
"898,1,""gb"",31,""Female"",2"
"899,2,""au"",37,""Male"",3"
"900,0,""de"",32,""Female"",1"
"901,0,""fr"",29,""Male"",1"
"902,2,""br"",28,""Male"",2"
"903,1,""mx"",42,""Male"",3"
"904,1,""es"",37,""Male"",2"
"905,0,""it"",38,""Female"",3"
"906,2,""es"",32,""Male"",4"
"907,1,""es"",48,""Male"",3"
"908,0,""us"",46,""Female"",4"
"909,1,""ca"",30,""Male"",2"
"910,2,""us"",40,""Female"",4"
"911,0,""us"",29,""Male"",4"
"912,2,""ca"",41,""Male"",2"
"913,1,""gb"",32,""Male"",3"
"914,0,""au"",44,""Female"",4"
"915,1,""de"",41,""Male"",3"
"916,2,""fr"",50,""Female"",1"
"917,0,""br"",33,""Female"",2"
"918,1,""mx"",34,""Female"",4"
"919,2,""es"",40,""Male"",1"
"920,0,""it"",34,""Female"",2"
"921,2,""es"",27,""Female"",4"
"922,0,""es"",34,""Male"",2"
"923,1,""us"",28,""Male"",2"
"924,1,""ca"",37,""Female"",4"
"925,0,""us"",27,""Female"",3"
"926,2,""us"",33,""Female"",3"
"927,0,""ca"",42,""Male"",3"
"928,1,""gb"",49,""Male"",1"
"929,2,""au"",44,""Male"",4"
"930,0,""de"",47,""Male"",3"
"931,2,""fr"",33,""Male"",3"
"932,0,""br"",37,""Male"",4"
"933,1,""mx"",35,""Male"",3"
"934,1,""es"",34,""Female"",1"
"935,0,""it"",44,""Male"",1"
"936,2,""es"",29,""Male"",2"
"937,0,""es"",38,""Male"",1"
"938,1,""us"",46,""Male"",4"
"939,2,""ca"",29,""Male"",2"
"940,0,""us"",48,""Female"",4"
"941,2,""us"",36,""Male"",4"
"942,0,""ca"",43,""Male"",3"
"943,1,""gb"",42,""Female"",4"
"944,1,""au"",50,""Male"",2"
"945,0,""de"",39,""Male"",3"
"946,2,""fr"",43,""Female"",3"
"947,0,""br"",50,""Female"",2"
"948,1,""mx"",51,""Male"",3"
"949,2,""es"",40,""Male"",2"
"950,0,""it"",31,""Male"",2"
"951,2,""es"",39,""Female"",1"
"952,0,""es"",49,""Female"",2"
"953,1,""us"",34,""Female"",3"
"954,1,""ca"",38,""Male"",1"
"955,0,""us"",36,""Female"",3"
"956,2,""us"",42,""Female"",4"
"957,0,""ca"",50,""Male"",2"
"958,1,""gb"",42,""Female"",3"
"959,2,""au"",35,""Female"",3"
"960,0,""de"",46,""Female"",2"
"961,2,""fr"",48,""Male"",3"
"962,0,""br"",43,""Female"",3"
"963,1,""mx"",51,""Female"",2"
"964,1,""es"",45,""Male"",4"
"965,0,""it"",46,""Male"",3"
"966,2,""es"",42,""Female"",3"
"967,0,""es"",42,""Female"",1"
"968,1,""us"",50,""Male"",2"
"969,2,""ca"",28,""Male"",4"
"970,0,""us"",44,""Female"",2"
"971,0,""us"",36,""Male"",2"
"972,0,""ca"",37,""Female"",3"
"973,1,""gb"",36,""Male"",1"
"974,2,""au"",31,""Male"",1"
"975,0,""de"",36,""Female"",4"
"976,0,""fr"",39,""Female"",3"
"977,2,""br"",45,""Female"",3"
"978,1,""mx"",29,""Male"",4"
"979,1,""es"",45,""Male"",1"
"980,0,""it"",29,""Male"",4"
"981,2,""es"",28,""Female"",4"
"982,1,""es"",42,""Female"",4"
"983,0,""us"",36,""Female"",1"
"984,1,""ca"",39,""Male"",4"
"985,2,""us"",36,""Male"",4"
"986,0,""us"",49,""Male"",3"
"987,2,""ca"",32,""Female"",2"
"988,1,""gb"",40,""Female"",1"
"989,0,""au"",34,""Male"",1"
"990,1,""de"",35,""Male"",1"
"991,2,""fr"",44,""Female"",4"
"992,0,""br"",47,""Female"",1"
"993,1,""mx"",33,""Female"",3"
"994,2,""es"",45,""Male"",2"
"995,0,""it"",42,""Female"",2"
"996,2,""es"",46,""Male"",2"
"997,0,""es"",51,""Male"",2"
"998,1,""us"",41,""Female"",3"
"999,1,""ca"",50,""Female"",2"
"1000,0,""us"",49,""Female"",1"
"1001,2,""us"",34,""Female"",3"
"1002,0,""ca"",38,""Female"",2"
"1003,1,""gb"",46,""Male"",4"
"1004,2,""au"",42,""Male"",4"
"1005,0,""de"",46,""Male"",3"
"1006,2,""fr"",51,""Female"",4"
"1007,0,""br"",35,""Male"",4"
"1008,1,""mx"",34,""Female"",1"
"1009,1,""es"",31,""Female"",3"
"1010,0,""it"",36,""Female"",2"
"1011,2,""es"",28,""Male"",4"
"1012,0,""es"",29,""Female"",1"
"1013,1,""us"",42,""Female"",4"
"1014,2,""ca"",35,""Female"",1"
"1015,0,""us"",32,""Female"",3"
"1016,2,""us"",43,""Female"",2"
"1017,0,""ca"",29,""Male"",1"
"1018,1,""gb"",35,""Female"",2"
"1019,1,""au"",27,""Female"",2"
"1020,0,""de"",38,""Male"",2"
"1021,2,""fr"",33,""Male"",4"
"1022,0,""br"",48,""Male"",3"
"1023,1,""mx"",51,""Female"",3"
"1024,2,""es"",40,""Female"",1"
"1025,0,""it"",28,""Male"",1"
"1026,2,""es"",46,""Female"",3"
"1027,0,""es"",28,""Female"",2"
"1028,1,""us"",47,""Male"",2"
"1029,1,""ca"",47,""Male"",1"
"1030,0,""us"",50,""Male"",1"
"1031,2,""us"",50,""Female"",4"
"1032,0,""ca"",29,""Male"",1"
"1033,1,""gb"",38,""Male"",2"
"1034,2,""au"",40,""Female"",2"
"1035,0,""de"",43,""Male"",1"
"1036,2,""fr"",27,""Female"",1"
"1037,0,""br"",37,""Female"",2"
"1038,1,""mx"",30,""Male"",1"
"1039,1,""es"",50,""Male"",3"
"1040,0,""it"",51,""Male"",1"
"1041,2,""es"",37,""Female"",3"
"1042,0,""es"",35,""Female"",2"
"1043,1,""us"",35,""Male"",2"
"1044,2,""ca"",46,""Male"",2"
"1045,0,""us"",27,""Male"",2"
"1046,0,""us"",27,""Male"",3"
"1047,0,""ca"",39,""Female"",3"
"1048,1,""gb"",51,""Male"",2"
"1049,2,""au"",41,""Male"",1"
"1050,0,""de"",30,""Female"",4"
"1051,0,""fr"",46,""Male"",3"
"1052,2,""br"",31,""Male"",2"
"1053,1,""mx"",49,""Male"",1"
"1054,1,""es"",39,""Female"",2"
"1055,0,""it"",47,""Male"",1"
"1056,2,""es"",36,""Female"",2"
"1057,1,""es"",42,""Female"",2"
"1058,0,""us"",28,""Female"",4"
"1059,1,""ca"",43,""Male"",2"
"1060,2,""us"",50,""Female"",3"
"1061,0,""us"",30,""Female"",2"
"1062,2,""ca"",34,""Female"",3"
"1063,1,""gb"",35,""Female"",3"
"1064,0,""au"",29,""Male"",2"
"1065,1,""de"",33,""Male"",4"
"1066,2,""fr"",47,""Male"",3"
"1067,0,""br"",32,""Female"",2"
"1068,1,""mx"",34,""Female"",2"
"1069,2,""es"",46,""Male"",4"
"1070,0,""it"",31,""Male"",2"
"1071,2,""es"",40,""Female"",2"
"1072,0,""es"",38,""Female"",2"
"1073,1,""us"",31,""Male"",4"
"1074,1,""ca"",46,""Female"",1"
"1075,0,""us"",43,""Male"",4"
"1076,2,""us"",38,""Female"",3"
"1077,0,""ca"",38,""Female"",3"
"1078,1,""gb"",27,""Male"",3"
"1079,2,""au"",49,""Female"",2"
"1080,0,""de"",33,""Male"",1"
"1081,2,""fr"",40,""Female"",1"
"1082,0,""br"",27,""Male"",2"
"1083,1,""mx"",28,""Female"",3"
"1084,1,""es"",30,""Male"",1"
"1085,0,""it"",33,""Female"",1"
"1086,2,""es"",51,""Female"",2"
"1087,0,""es"",51,""Male"",2"
"1088,1,""us"",50,""Female"",1"
"1089,2,""ca"",46,""Female"",2"
"1090,0,""us"",31,""Male"",4"
"1091,2,""us"",46,""Female"",1"
"1092,0,""ca"",41,""Male"",4"
"1093,1,""gb"",36,""Male"",1"
"1094,1,""au"",45,""Female"",2"
"1095,0,""de"",36,""Male"",1"
"1096,2,""fr"",28,""Male"",1"
"1097,0,""br"",45,""Female"",1"
"1098,1,""mx"",39,""Female"",1"
"1099,2,""es"",51,""Female"",3"
"1100,0,""it"",37,""Male"",3"
"1101,2,""es"",33,""Female"",2"
"1102,0,""es"",32,""Female"",1"
"1103,1,""us"",49,""Female"",2"
"1104,1,""ca"",37,""Female"",4"
"1105,0,""us"",39,""Male"",2"
"1106,2,""us"",37,""Male"",4"
"1107,0,""ca"",36,""Female"",4"
"1108,1,""gb"",34,""Male"",3"
"1109,2,""au"",51,""Female"",1"
"1110,0,""de"",41,""Female"",2"
"1111,2,""fr"",51,""Male"",4"
"1112,0,""br"",31,""Female"",2"
"1113,1,""mx"",44,""Male"",3"
"1114,1,""es"",50,""Male"",4"
"1115,0,""it"",33,""Male"",3"
"1116,2,""es"",44,""Female"",3"
"1117,0,""es"",42,""Female"",2"
"1118,1,""us"",35,""Male"",4"
"1119,2,""ca"",48,""Male"",1"
"1120,0,""us"",51,""Female"",1"
"1121,0,""us"",44,""Female"",4"
"1122,0,""ca"",37,""Female"",1"
"1123,1,""gb"",35,""Female"",3"
"1124,2,""au"",32,""Male"",3"
"1125,0,""de"",46,""Female"",2"
"1126,0,""fr"",39,""Female"",3"
"1127,2,""br"",33,""Female"",2"
"1128,1,""mx"",42,""Male"",2"
"1129,1,""es"",37,""Female"",1"
"1130,0,""it"",27,""Female"",4"
"1131,2,""es"",34,""Female"",3"
"1132,1,""es"",51,""Male"",3"
"1133,0,""us"",42,""Male"",3"
"1134,1,""ca"",46,""Female"",4"
"1135,2,""us"",36,""Male"",3"
"1136,0,""us"",46,""Male"",1"
"1137,2,""ca"",51,""Male"",4"
"1138,1,""gb"",45,""Female"",1"
"1139,0,""au"",33,""Male"",1"
"1140,1,""de"",31,""Female"",4"
"1141,2,""fr"",48,""Female"",4"
"1142,0,""br"",47,""Female"",3"
"1143,1,""mx"",43,""Male"",4"
"1144,2,""es"",39,""Male"",2"
"1145,0,""it"",46,""Male"",4"
"1146,2,""es"",46,""Female"",1"
"1147,0,""es"",40,""Female"",2"
"1148,1,""us"",38,""Male"",1"
"1149,1,""ca"",48,""Female"",2"
"1150,0,""us"",38,""Male"",2"
"1151,2,""us"",43,""Male"",3"
"1152,0,""ca"",29,""Male"",1"
"1153,1,""gb"",32,""Female"",3"
"1154,2,""au"",32,""Female"",3"
"1155,0,""de"",49,""Female"",3"
"1156,2,""fr"",51,""Female"",3"
"1157,0,""br"",32,""Male"",4"
"1158,1,""mx"",35,""Female"",4"
"1159,1,""es"",41,""Male"",3"
"1160,0,""it"",43,""Female"",4"
"1161,2,""es"",41,""Male"",1"
"1162,0,""es"",51,""Male"",4"
"1163,1,""us"",47,""Female"",4"
"1164,2,""ca"",39,""Male"",4"
"1165,0,""us"",51,""Male"",1"
"1166,2,""us"",39,""Female"",2"
"1167,0,""ca"",45,""Male"",2"
"1168,1,""gb"",42,""Male"",3"
"1169,1,""au"",48,""Male"",1"
"1170,0,""de"",33,""Male"",4"
"1171,2,""fr"",47,""Female"",1"
"1172,0,""br"",51,""Female"",4"
"1173,1,""mx"",27,""Male"",1"
"1174,2,""es"",44,""Female"",3"
"1175,0,""it"",41,""Male"",3"
"1176,2,""es"",37,""Male"",4"
"1177,0,""es"",48,""Male"",2"
"1178,1,""us"",30,""Male"",4"
"1179,1,""ca"",44,""Female"",1"
"1180,0,""us"",34,""Female"",4"
"1181,2,""us"",40,""Female"",3"
"1182,0,""ca"",28,""Female"",1"
"1183,1,""gb"",44,""Female"",2"
"1184,2,""au"",38,""Female"",3"
"1185,0,""de"",49,""Male"",4"
"1186,2,""fr"",32,""Female"",4"
"1187,0,""br"",47,""Female"",4"
"1188,1,""mx"",44,""Male"",2"
"1189,1,""es"",33,""Male"",1"
"1190,0,""it"",32,""Male"",3"
"1191,2,""es"",27,""Female"",1"
"1192,0,""es"",37,""Male"",3"
"1193,1,""us"",34,""Male"",2"
"1194,2,""ca"",40,""Male"",4"
"1195,0,""us"",45,""Female"",4"
"1196,0,""us"",29,""Female"",2"
"1197,0,""ca"",35,""Male"",4"
"1198,1,""gb"",38,""Female"",3"
"1199,2,""au"",48,""Female"",4"
"1200,0,""de"",36,""Male"",1"
"1201,0,""fr"",41,""Male"",4"
"1202,2,""br"",27,""Male"",4"
"1203,1,""mx"",41,""Male"",4"
"1204,1,""es"",42,""Male"",3"
"1205,0,""it"",40,""Female"",3"
"1206,2,""es"",32,""Male"",4"
"1207,1,""es"",33,""Male"",4"
"1208,0,""us"",34,""Male"",1"
"1209,1,""ca"",29,""Male"",2"
"1210,2,""us"",50,""Male"",4"
"1211,0,""us"",29,""Female"",3"
"1212,2,""ca"",40,""Female"",2"
"1213,1,""gb"",27,""Male"",4"
"1214,0,""au"",51,""Female"",1"
"1215,1,""de"",41,""Female"",3"
"1216,2,""fr"",28,""Female"",2"
"1217,0,""br"",42,""Male"",3"
"1218,1,""mx"",40,""Male"",3"
"1219,2,""es"",48,""Female"",1"
"1220,0,""it"",28,""Male"",4"
"1221,2,""es"",40,""Male"",4"
"1222,0,""es"",33,""Female"",2"
"1223,1,""us"",33,""Male"",1"
"1224,1,""ca"",47,""Female"",1"
"1225,0,""us"",50,""Female"",4"
"1226,2,""us"",38,""Male"",1"
"1227,0,""ca"",36,""Female"",2"
"1228,1,""gb"",38,""Female"",2"
"1229,2,""au"",49,""Male"",1"
"1230,0,""de"",40,""Female"",4"
"1231,2,""fr"",51,""Male"",2"
"1232,0,""br"",42,""Female"",1"
"1233,1,""mx"",41,""Female"",1"
"1234,1,""es"",48,""Female"",1"
"1235,0,""it"",39,""Female"",2"
"1236,2,""es"",35,""Female"",2"
"1237,0,""es"",32,""Female"",2"
"1238,1,""us"",28,""Female"",1"
"1239,2,""ca"",27,""Male"",3"
"1240,0,""us"",30,""Female"",3"
"1241,2,""us"",47,""Female"",3"
"1242,0,""ca"",49,""Female"",2"
"1243,1,""gb"",43,""Female"",1"
"1244,1,""au"",42,""Male"",2"
"1245,0,""de"",29,""Female"",1"
"1246,2,""fr"",35,""Female"",1"
"1247,0,""br"",41,""Female"",1"
"1248,1,""mx"",47,""Female"",4"
"1249,2,""es"",28,""Female"",4"
"1250,0,""it"",44,""Female"",1"
"1251,2,""es"",28,""Female"",2"
"1252,0,""es"",51,""Male"",3"
"1253,1,""us"",48,""Male"",3"
"1254,1,""ca"",49,""Female"",2"
"1255,0,""us"",50,""Male"",4"
"1256,2,""us"",43,""Male"",3"
"1257,0,""ca"",32,""Male"",4"
"1258,1,""gb"",42,""Female"",2"
"1259,2,""au"",41,""Female"",3"
"1260,0,""de"",31,""Male"",3"
"1261,2,""fr"",37,""Female"",4"
"1262,0,""br"",46,""Male"",4"
"1263,1,""mx"",30,""Female"",2"
"1264,1,""es"",30,""Female"",4"
"1265,0,""it"",34,""Female"",2"
"1266,2,""es"",47,""Female"",3"
"1267,0,""es"",41,""Male"",2"
"1268,1,""us"",42,""Female"",3"
"1269,2,""ca"",48,""Female"",1"
"1270,0,""us"",30,""Female"",4"
"1271,0,""us"",51,""Male"",1"
"1272,0,""ca"",27,""Male"",1"
"1273,1,""gb"",38,""Male"",2"
"1274,2,""au"",29,""Female"",4"
"1275,0,""de"",40,""Female"",1"
"1276,0,""fr"",31,""Female"",3"
"1277,2,""br"",30,""Male"",1"
"1278,1,""mx"",44,""Male"",3"
"1279,1,""es"",34,""Female"",2"
"1280,0,""it"",28,""Female"",3"
"1281,2,""es"",41,""Female"",3"
"1282,1,""es"",43,""Male"",2"
"1283,0,""us"",33,""Male"",3"
"1284,1,""ca"",32,""Female"",2"
"1285,2,""us"",39,""Male"",4"
"1286,0,""us"",37,""Male"",3"
"1287,2,""ca"",46,""Male"",2"
"1288,1,""gb"",39,""Male"",1"
"1289,0,""au"",46,""Female"",2"
"1290,1,""de"",43,""Male"",3"
"1291,2,""fr"",32,""Female"",3"
"1292,0,""br"",30,""Female"",4"
"1293,1,""mx"",40,""Female"",2"
"1294,2,""es"",51,""Female"",1"
"1295,0,""it"",40,""Female"",1"
"1296,2,""es"",28,""Male"",4"
"1297,0,""es"",51,""Female"",1"
"1298,1,""us"",27,""Male"",3"
"1299,1,""ca"",35,""Male"",4"
"1300,0,""us"",37,""Male"",3"
"1301,2,""us"",51,""Male"",4"
"1302,0,""ca"",40,""Male"",4"
"1303,1,""gb"",38,""Male"",3"
"1304,2,""au"",48,""Female"",3"
"1305,0,""de"",49,""Male"",1"
"1306,2,""fr"",33,""Female"",3"
"1307,0,""br"",34,""Female"",2"
"1308,1,""mx"",39,""Male"",2"
"1309,1,""es"",37,""Female"",2"
"1310,0,""it"",44,""Male"",3"
"1311,2,""es"",35,""Male"",2"
"1312,0,""es"",31,""Female"",3"
"1313,1,""us"",39,""Male"",4"
"1314,2,""ca"",38,""Male"",2"
"1315,0,""us"",42,""Male"",1"
"1316,2,""us"",48,""Female"",2"
"1317,0,""ca"",31,""Male"",2"
"1318,1,""gb"",42,""Male"",1"
"1319,1,""au"",35,""Male"",1"
"1320,0,""de"",39,""Male"",3"
"1321,2,""fr"",50,""Female"",2"
"1322,0,""br"",40,""Male"",1"
"1323,1,""mx"",29,""Male"",1"
"1324,2,""es"",48,""Female"",4"
"1325,0,""it"",34,""Male"",1"
"1326,2,""es"",48,""Male"",1"
"1327,0,""es"",48,""Male"",3"
"1328,1,""us"",35,""Female"",2"
"1329,1,""ca"",29,""Male"",3"
"1330,0,""us"",47,""Female"",4"
"1331,2,""us"",36,""Male"",1"
"1332,0,""ca"",40,""Female"",1"
"1333,1,""gb"",51,""Male"",2"
"1334,2,""au"",37,""Male"",4"
"1335,0,""de"",36,""Male"",2"
"1336,2,""fr"",45,""Male"",2"
"1337,0,""br"",31,""Female"",2"
"1338,1,""mx"",45,""Female"",3"
"1339,1,""es"",30,""Male"",3"
"1340,0,""it"",40,""Female"",1"
"1341,2,""es"",44,""Female"",4"
"1342,0,""es"",36,""Female"",3"
"1343,1,""us"",36,""Male"",2"
"1344,2,""ca"",32,""Female"",1"
"1345,0,""us"",46,""Male"",4"
"1346,0,""us"",39,""Female"",4"
"1347,0,""ca"",30,""Male"",4"
"1348,1,""gb"",34,""Male"",3"
"1349,2,""au"",28,""Male"",3"
"1350,0,""de"",39,""Female"",1"
"1351,0,""fr"",34,""Female"",3"
"1352,2,""br"",42,""Male"",3"
"1353,1,""mx"",29,""Female"",2"
"1354,1,""es"",29,""Male"",2"
"1355,0,""it"",30,""Male"",2"
"1356,2,""es"",51,""Male"",1"
"1357,1,""es"",51,""Male"",4"
"1358,0,""us"",44,""Male"",2"
"1359,1,""ca"",35,""Male"",3"
"1360,2,""us"",39,""Male"",4"
"1361,0,""us"",41,""Female"",3"
"1362,2,""ca"",44,""Female"",3"
"1363,1,""gb"",29,""Male"",3"
"1364,0,""au"",47,""Male"",2"
"1365,1,""de"",28,""Female"",1"
"1366,2,""fr"",45,""Male"",3"
"1367,0,""br"",28,""Female"",1"
"1368,1,""mx"",31,""Female"",3"
"1369,2,""es"",47,""Female"",3"
"1370,0,""it"",42,""Female"",2"
"1371,2,""es"",34,""Female"",3"
"1372,0,""es"",40,""Female"",3"
"1373,1,""us"",42,""Female"",3"
"1374,1,""ca"",33,""Male"",4"
"1375,0,""us"",30,""Male"",3"
"1376,2,""us"",29,""Male"",2"
"1377,0,""ca"",31,""Male"",4"
"1378,1,""gb"",46,""Female"",4"
"1379,2,""au"",46,""Female"",1"
"1380,0,""de"",47,""Male"",3"
"1381,2,""fr"",48,""Female"",4"
"1382,0,""br"",32,""Female"",4"
"1383,1,""mx"",51,""Female"",2"
"1384,1,""es"",33,""Male"",4"
"1385,0,""it"",43,""Male"",1"
"1386,2,""es"",43,""Female"",4"
"1387,0,""es"",42,""Male"",4"
"1388,1,""us"",30,""Male"",1"
"1389,2,""ca"",50,""Male"",1"
"1390,0,""us"",51,""Female"",3"
"1391,2,""us"",36,""Female"",2"
"1392,0,""ca"",41,""Female"",2"
"1393,1,""gb"",37,""Male"",4"
"1394,1,""au"",30,""Female"",2"
"1395,0,""de"",50,""Female"",2"
"1396,2,""fr"",41,""Female"",4"
"1397,0,""br"",29,""Female"",3"
"1398,1,""mx"",43,""Male"",4"
"1399,2,""es"",31,""Female"",4"
"1400,0,""it"",40,""Male"",3"
"1401,2,""es"",35,""Female"",4"
"1402,0,""es"",39,""Female"",3"
"1403,1,""us"",48,""Male"",3"
"1404,1,""ca"",42,""Female"",2"
"1405,0,""us"",48,""Female"",4"
"1406,2,""us"",33,""Female"",4"
"1407,0,""ca"",45,""Female"",4"
"1408,1,""gb"",40,""Female"",4"
"1409,2,""au"",38,""Male"",2"
"1410,0,""de"",31,""Female"",2"
"1411,2,""fr"",33,""Female"",4"
"1412,0,""br"",27,""Male"",3"
"1413,1,""mx"",47,""Male"",1"
"1414,1,""es"",41,""Male"",2"
"1415,0,""it"",32,""Female"",4"
"1416,2,""es"",31,""Male"",4"
"1417,0,""es"",43,""Female"",2"
"1418,1,""us"",42,""Female"",4"
"1419,2,""ca"",46,""Male"",1"
"1420,0,""us"",27,""Female"",1"
"1421,0,""us"",48,""Female"",4"
"1422,0,""ca"",49,""Male"",3"
"1423,1,""gb"",43,""Male"",4"
"1424,2,""au"",38,""Male"",3"
"1425,0,""de"",37,""Male"",1"
"1426,0,""fr"",39,""Female"",4"
"1427,2,""br"",40,""Male"",2"
"1428,1,""mx"",40,""Male"",4"
"1429,1,""es"",48,""Male"",3"
"1430,0,""it"",43,""Female"",4"
"1431,2,""es"",46,""Male"",3"
"1432,1,""es"",43,""Male"",1"
"1433,0,""us"",30,""Female"",2"
"1434,1,""ca"",51,""Female"",3"
"1435,2,""us"",30,""Male"",1"
"1436,0,""us"",47,""Female"",4"
"1437,2,""ca"",41,""Male"",3"
"1438,1,""gb"",45,""Female"",1"
"1439,0,""au"",47,""Female"",3"
"1440,1,""de"",48,""Female"",4"
"1441,2,""fr"",51,""Female"",2"
"1442,0,""br"",29,""Male"",4"
"1443,1,""mx"",43,""Female"",3"
"1444,2,""es"",49,""Female"",2"
"1445,0,""it"",37,""Male"",1"
"1446,2,""es"",48,""Male"",2"
"1447,0,""es"",36,""Female"",2"
"1448,1,""us"",33,""Female"",3"
"1449,1,""ca"",38,""Female"",3"
"1450,0,""us"",42,""Female"",1"
"1451,2,""us"",30,""Female"",2"
"1452,0,""ca"",39,""Male"",4"
"1453,1,""gb"",36,""Male"",1"
"1454,2,""au"",27,""Female"",1"
"1455,0,""de"",49,""Male"",4"
"1456,2,""fr"",31,""Male"",3"
"1457,0,""br"",36,""Male"",3"
"1458,1,""mx"",41,""Female"",2"
"1459,1,""es"",45,""Female"",3"
"1460,0,""it"",45,""Male"",4"
"1461,2,""es"",32,""Male"",4"
"1462,0,""es"",41,""Female"",1"
"1463,1,""us"",37,""Male"",4"
"1464,2,""ca"",27,""Male"",3"
"1465,0,""us"",41,""Male"",3"
"1466,2,""us"",30,""Female"",4"
"1467,0,""ca"",43,""Male"",1"
"1468,1,""gb"",51,""Male"",3"
"1469,1,""au"",46,""Female"",4"
"1470,0,""de"",27,""Female"",2"
"1471,2,""fr"",51,""Female"",1"
"1472,0,""br"",28,""Female"",3"
"1473,1,""mx"",33,""Male"",1"
"1474,2,""es"",31,""Female"",3"
"1475,0,""it"",47,""Male"",3"
"1476,2,""es"",45,""Female"",2"
"1477,0,""es"",42,""Male"",4"
"1478,1,""us"",47,""Female"",4"
"1479,1,""ca"",29,""Female"",4"
"1480,0,""us"",49,""Female"",3"
"1481,2,""us"",41,""Female"",3"
"1482,0,""ca"",45,""Male"",1"
"1483,1,""gb"",49,""Male"",4"
"1484,2,""au"",41,""Male"",4"
"1485,0,""de"",37,""Male"",3"
"1486,2,""fr"",31,""Male"",1"
"1487,0,""br"",29,""Male"",1"
"1488,1,""mx"",51,""Female"",4"
"1489,1,""es"",33,""Male"",4"
"1490,0,""it"",31,""Male"",1"
"1491,2,""es"",42,""Female"",3"
"1492,0,""es"",48,""Female"",3"
"1493,1,""us"",37,""Female"",3"
"1494,2,""ca"",51,""Female"",1"
"1495,0,""us"",29,""Female"",2"
"1496,0,""us"",46,""Male"",2"
"1497,0,""ca"",35,""Male"",4"
"1498,1,""gb"",44,""Female"",1"
"1499,2,""au"",36,""Male"",4"
"1500,0,""de"",38,""Female"",2"
"1501,0,""fr"",36,""Male"",4"
"1502,2,""br"",40,""Female"",3"
"1503,1,""mx"",29,""Male"",3"
"1504,1,""es"",32,""Male"",4"
"1505,0,""it"",30,""Male"",3"
"1506,2,""es"",47,""Male"",1"
"1507,1,""es"",28,""Female"",2"
"1508,0,""us"",49,""Male"",3"
"1509,1,""ca"",50,""Male"",1"
"1510,2,""us"",33,""Male"",4"
"1511,0,""us"",50,""Male"",4"
"1512,2,""ca"",28,""Female"",4"
"1513,1,""gb"",41,""Male"",1"
"1514,0,""au"",30,""Female"",1"
"1515,1,""de"",32,""Male"",4"
"1516,2,""fr"",50,""Male"",3"
"1517,0,""br"",28,""Female"",4"
"1518,1,""mx"",45,""Male"",4"
"1519,2,""es"",31,""Male"",2"
"1520,0,""it"",27,""Female"",1"
"1521,2,""es"",49,""Male"",2"
"1522,0,""es"",32,""Female"",3"
"1523,1,""us"",38,""Male"",4"
"1524,1,""ca"",39,""Male"",1"
"1525,0,""us"",50,""Female"",2"
"1526,2,""us"",51,""Male"",2"
"1527,0,""ca"",32,""Female"",4"
"1528,1,""gb"",45,""Female"",4"
"1529,2,""au"",31,""Female"",3"
"1530,0,""de"",44,""Male"",1"
"1531,2,""fr"",30,""Female"",2"
"1532,0,""br"",44,""Female"",2"
"1533,1,""mx"",37,""Male"",2"
"1534,1,""es"",30,""Female"",2"
"1535,0,""it"",31,""Female"",4"
"1536,2,""es"",31,""Female"",3"
"1537,0,""es"",44,""Male"",2"
"1538,1,""us"",44,""Female"",4"
"1539,2,""ca"",34,""Male"",3"
"1540,0,""us"",42,""Male"",3"
"1541,2,""us"",33,""Male"",1"
"1542,0,""ca"",35,""Male"",4"
"1543,1,""gb"",34,""Female"",3"
"1544,1,""au"",47,""Male"",2"
"1545,0,""de"",43,""Female"",3"
"1546,2,""fr"",43,""Male"",4"
"1547,0,""br"",35,""Female"",1"
"1548,1,""mx"",39,""Male"",2"
"1549,2,""es"",39,""Male"",2"
"1550,0,""it"",49,""Female"",4"
"1551,2,""es"",30,""Male"",2"
"1552,0,""es"",31,""Female"",2"
"1553,1,""us"",39,""Male"",2"
"1554,1,""ca"",30,""Female"",3"
"1555,0,""us"",43,""Female"",1"
"1556,2,""us"",29,""Female"",1"
"1557,0,""ca"",46,""Male"",4"
"1558,1,""gb"",35,""Male"",1"
"1559,2,""au"",30,""Male"",2"
"1560,0,""de"",39,""Female"",4"
"1561,2,""fr"",41,""Male"",3"
"1562,0,""br"",27,""Male"",1"
"1563,1,""mx"",42,""Male"",3"
"1564,1,""es"",45,""Female"",2"
"1565,0,""it"",36,""Female"",4"
"1566,2,""es"",35,""Male"",3"
"1567,0,""es"",38,""Male"",1"
"1568,1,""us"",41,""Female"",4"
"1569,2,""ca"",43,""Male"",2"
"1570,0,""us"",44,""Male"",2"
"1571,0,""us"",35,""Male"",2"
"1572,0,""ca"",39,""Male"",3"
"1573,1,""gb"",43,""Male"",4"
"1574,2,""au"",36,""Male"",4"
"1575,0,""de"",49,""Female"",3"
"1576,0,""fr"",29,""Female"",1"
"1577,2,""br"",45,""Male"",2"
"1578,1,""mx"",44,""Female"",3"
"1579,1,""es"",40,""Female"",4"
"1580,0,""it"",51,""Female"",4"
"1581,2,""es"",30,""Female"",4"
"1582,1,""es"",50,""Male"",4"
"1583,0,""us"",39,""Male"",2"
"1584,1,""ca"",51,""Male"",2"
"1585,2,""us"",42,""Male"",3"
"1586,0,""us"",34,""Female"",2"
"1587,2,""ca"",28,""Male"",2"
"1588,1,""gb"",43,""Male"",2"
"1589,0,""au"",27,""Female"",2"
"1590,1,""de"",49,""Female"",4"
"1591,2,""fr"",35,""Female"",3"
"1592,0,""br"",34,""Male"",2"
"1593,1,""mx"",28,""Male"",1"
"1594,2,""es"",49,""Female"",2"
"1595,0,""it"",51,""Female"",2"
"1596,2,""es"",36,""Male"",3"
"1597,0,""es"",37,""Male"",4"
"1598,1,""us"",48,""Male"",3"
"1599,1,""ca"",45,""Female"",4"
"1600,0,""us"",39,""Male"",2"
"1601,2,""us"",39,""Male"",1"
"1602,0,""ca"",46,""Female"",4"
"1603,1,""gb"",30,""Female"",1"
"1604,2,""au"",32,""Female"",1"
"1605,0,""de"",39,""Male"",3"
"1606,2,""fr"",35,""Female"",1"
"1607,0,""br"",41,""Female"",1"
"1608,1,""mx"",32,""Female"",4"
"1609,1,""es"",41,""Female"",4"
"1610,0,""it"",36,""Female"",4"
"1611,2,""es"",49,""Male"",3"
"1612,0,""es"",30,""Female"",1"
"1613,1,""us"",40,""Female"",1"
"1614,2,""ca"",46,""Female"",2"
"1615,0,""us"",30,""Female"",4"
"1616,2,""us"",48,""Male"",3"
"1617,0,""ca"",50,""Male"",2"
"1618,1,""gb"",27,""Male"",4"
"1619,1,""au"",51,""Female"",3"
"1620,0,""de"",38,""Male"",1"
"1621,2,""fr"",39,""Male"",3"
"1622,0,""br"",45,""Female"",4"
"1623,1,""mx"",29,""Male"",3"
"1624,2,""es"",35,""Male"",1"
"1625,0,""it"",51,""Female"",4"
"1626,2,""es"",51,""Male"",4"
"1627,0,""es"",42,""Female"",1"
"1628,1,""us"",48,""Female"",3"
"1629,1,""ca"",40,""Male"",4"
"1630,0,""us"",39,""Male"",4"
"1631,2,""us"",44,""Male"",3"
"1632,0,""ca"",27,""Female"",3"
"1633,1,""gb"",35,""Male"",2"
"1634,2,""au"",45,""Male"",4"
"1635,0,""de"",33,""Male"",2"
"1636,2,""fr"",32,""Female"",4"
"1637,0,""br"",51,""Female"",3"
"1638,1,""mx"",40,""Female"",2"
"1639,1,""es"",47,""Male"",3"
"1640,0,""it"",42,""Male"",4"
"1641,2,""es"",41,""Male"",2"
"1642,0,""es"",43,""Male"",2"
"1643,1,""us"",42,""Female"",2"
"1644,2,""ca"",28,""Male"",1"
"1645,0,""us"",40,""Female"",3"
"1646,0,""us"",46,""Female"",2"
"1647,0,""ca"",39,""Female"",3"
"1648,1,""gb"",41,""Female"",1"
"1649,2,""au"",30,""Male"",2"
"1650,0,""de"",32,""Male"",2"
"1651,0,""fr"",38,""Male"",4"
"1652,2,""br"",38,""Male"",2"
"1653,1,""mx"",32,""Male"",1"
"1654,1,""es"",27,""Male"",2"
"1655,0,""it"",50,""Female"",2"
"1656,2,""es"",30,""Male"",1"
"1657,1,""es"",49,""Male"",1"
"1658,0,""us"",32,""Female"",3"
"1659,1,""ca"",35,""Male"",1"
"1660,2,""us"",44,""Male"",2"
"1661,0,""us"",49,""Female"",3"
"1662,2,""ca"",39,""Male"",1"
"1663,1,""gb"",38,""Female"",1"
"1664,0,""au"",38,""Female"",3"
"1665,1,""de"",37,""Male"",1"
"1666,2,""fr"",28,""Male"",3"
"1667,0,""br"",49,""Male"",2"
"1668,1,""mx"",33,""Female"",2"
"1669,2,""es"",48,""Male"",2"
"1670,0,""it"",34,""Male"",2"
"1671,2,""es"",39,""Female"",1"
"1672,0,""es"",30,""Male"",2"
"1673,1,""us"",37,""Male"",2"
"1674,1,""ca"",38,""Male"",4"
"1675,0,""us"",42,""Female"",3"
"1676,2,""us"",35,""Female"",3"
"1677,0,""ca"",30,""Male"",2"
"1678,1,""gb"",48,""Female"",4"
"1679,2,""au"",48,""Male"",2"
"1680,0,""de"",32,""Male"",3"
"1681,2,""fr"",27,""Male"",4"
"1682,0,""br"",48,""Female"",3"
"1683,1,""mx"",33,""Male"",3"
"1684,1,""es"",28,""Male"",1"
"1685,0,""it"",46,""Male"",3"
"1686,2,""es"",40,""Male"",3"
"1687,0,""es"",49,""Male"",1"
"1688,1,""us"",41,""Female"",2"
"1689,2,""ca"",38,""Male"",2"
"1690,0,""us"",42,""Female"",3"
"1691,2,""us"",27,""Female"",4"
"1692,0,""ca"",41,""Female"",2"
"1693,1,""gb"",41,""Female"",2"
"1694,1,""au"",49,""Male"",3"
"1695,0,""de"",28,""Female"",1"
"1696,2,""fr"",44,""Male"",3"
"1697,0,""br"",47,""Female"",2"
"1698,1,""mx"",29,""Male"",2"
"1699,2,""es"",31,""Female"",3"
"1700,0,""it"",28,""Female"",4"
"1701,2,""es"",32,""Male"",4"
"1702,0,""es"",43,""Male"",1"
"1703,1,""us"",48,""Male"",4"
"1704,1,""ca"",28,""Male"",3"
"1705,0,""us"",31,""Female"",2"
"1706,2,""us"",47,""Male"",3"
"1707,0,""ca"",39,""Female"",1"
"1708,1,""gb"",35,""Male"",1"
"1709,2,""au"",42,""Female"",1"
"1710,0,""de"",30,""Male"",4"
"1711,2,""fr"",34,""Male"",1"
"1712,0,""br"",35,""Male"",1"
"1713,1,""mx"",31,""Female"",2"
"1714,1,""es"",36,""Female"",2"
"1715,0,""it"",31,""Female"",3"
"1716,2,""es"",32,""Male"",4"
"1717,0,""es"",46,""Female"",1"
"1718,1,""us"",30,""Male"",2"
"1719,2,""ca"",46,""Male"",3"
"1720,0,""us"",44,""Female"",2"
"1721,0,""us"",34,""Male"",2"
"1722,0,""ca"",31,""Male"",2"
"1723,1,""gb"",34,""Male"",4"
"1724,2,""au"",28,""Male"",3"
"1725,0,""de"",36,""Female"",1"
"1726,0,""fr"",48,""Female"",3"
"1727,2,""br"",40,""Male"",1"
"1728,1,""mx"",35,""Male"",1"
"1729,1,""es"",41,""Male"",3"
"1730,0,""it"",28,""Female"",1"
"1731,2,""es"",37,""Male"",2"
"1732,1,""es"",33,""Male"",1"
"1733,0,""us"",27,""Female"",2"
"1734,1,""ca"",35,""Male"",2"
"1735,2,""us"",27,""Male"",1"
"1736,0,""us"",29,""Female"",1"
"1737,2,""ca"",28,""Female"",3"
"1738,1,""gb"",33,""Female"",1"
"1739,0,""au"",35,""Female"",1"
"1740,1,""de"",37,""Female"",3"
"1741,2,""fr"",31,""Male"",1"
"1742,0,""br"",27,""Male"",3"
"1743,1,""mx"",48,""Male"",2"
"1744,2,""es"",30,""Female"",4"
"1745,0,""it"",45,""Male"",2"
"1746,2,""es"",28,""Male"",4"
"1747,0,""es"",30,""Female"",3"
"1748,1,""us"",48,""Male"",1"
"1749,1,""ca"",37,""Female"",3"
"1750,0,""us"",28,""Female"",1"
"1751,2,""us"",43,""Female"",2"
"1752,0,""ca"",36,""Male"",3"
"1753,1,""gb"",47,""Male"",3"
"1754,2,""au"",42,""Male"",4"
"1755,0,""de"",50,""Male"",3"
"1756,2,""fr"",41,""Male"",2"
"1757,0,""br"",43,""Male"",3"
"1758,1,""mx"",35,""Male"",3"
"1759,1,""es"",51,""Male"",4"
"1760,0,""it"",35,""Male"",2"
"1761,2,""es"",37,""Male"",4"
"1762,0,""es"",28,""Female"",1"
"1763,1,""us"",32,""Female"",1"
"1764,2,""ca"",37,""Female"",2"
"1765,0,""us"",37,""Female"",2"
"1766,2,""us"",34,""Female"",4"
"1767,0,""ca"",30,""Female"",2"
"1768,1,""gb"",35,""Male"",2"
"1769,1,""au"",41,""Female"",3"
"1770,0,""de"",50,""Female"",2"
"1771,2,""fr"",48,""Female"",3"
"1772,0,""br"",29,""Male"",4"
"1773,1,""mx"",37,""Male"",2"
"1774,2,""es"",36,""Female"",2"
"1775,0,""it"",45,""Male"",2"
"1776,2,""es"",27,""Female"",4"
"1777,0,""es"",31,""Female"",2"
"1778,1,""us"",42,""Female"",2"
"1779,1,""ca"",43,""Female"",1"
"1780,0,""us"",43,""Male"",4"
"1781,2,""us"",35,""Female"",3"
"1782,0,""ca"",51,""Male"",3"
"1783,1,""gb"",42,""Female"",1"
"1784,2,""au"",36,""Male"",2"
"1785,0,""de"",50,""Female"",2"
"1786,2,""fr"",43,""Female"",3"
"1787,0,""br"",28,""Male"",3"
"1788,1,""mx"",48,""Female"",4"
"1789,1,""es"",47,""Female"",2"
"1790,0,""it"",31,""Male"",4"
"1791,2,""es"",45,""Male"",3"
"1792,0,""es"",45,""Female"",2"
"1793,1,""us"",42,""Female"",4"
"1794,2,""ca"",36,""Female"",2"
"1795,0,""us"",32,""Male"",4"
"1796,0,""us"",50,""Male"",2"
"1797,0,""ca"",39,""Male"",4"
"1798,1,""gb"",51,""Male"",1"
"1799,2,""au"",49,""Female"",2"
"1800,0,""de"",42,""Male"",2"
"1801,0,""fr"",46,""Male"",2"
"1802,2,""br"",30,""Male"",1"
"1803,1,""mx"",48,""Male"",4"
"1804,1,""es"",40,""Female"",3"
"1805,0,""it"",50,""Female"",4"
"1806,2,""es"",49,""Female"",3"
"1807,1,""es"",37,""Male"",1"
"1808,0,""us"",43,""Male"",3"
"1809,1,""ca"",40,""Female"",2"
"1810,2,""us"",27,""Male"",3"
"1811,0,""us"",47,""Male"",4"
"1812,2,""ca"",50,""Male"",1"
"1813,1,""gb"",31,""Female"",1"
"1814,0,""au"",33,""Male"",1"
"1815,1,""de"",42,""Female"",2"
"1816,2,""fr"",51,""Female"",3"
"1817,0,""br"",43,""Female"",1"
"1818,1,""mx"",45,""Female"",4"
"1819,2,""es"",48,""Female"",2"
"1820,0,""it"",48,""Female"",4"
"1821,2,""es"",30,""Male"",1"
"1822,0,""es"",29,""Female"",2"
"1823,1,""us"",28,""Male"",2"
"1824,1,""ca"",46,""Female"",3"
"1825,0,""us"",45,""Male"",4"
"1826,2,""us"",30,""Male"",2"
"1827,0,""ca"",44,""Female"",3"
"1828,1,""gb"",46,""Male"",3"
"1829,2,""au"",36,""Female"",2"
"1830,0,""de"",27,""Female"",1"
"1831,2,""fr"",43,""Male"",3"
"1832,0,""br"",48,""Female"",1"
"1833,1,""mx"",36,""Female"",1"
"1834,1,""es"",44,""Male"",4"
"1835,0,""it"",41,""Female"",2"
"1836,2,""es"",29,""Female"",4"
"1837,0,""es"",28,""Female"",1"
"1838,1,""us"",36,""Female"",1"
"1839,2,""ca"",36,""Female"",4"
"1840,0,""us"",40,""Male"",3"
"1841,2,""us"",35,""Female"",2"
"1842,0,""ca"",34,""Female"",1"
"1843,1,""gb"",46,""Male"",3"
"1844,1,""au"",47,""Female"",4"
"1845,0,""de"",32,""Female"",1"
"1846,2,""fr"",45,""Male"",1"
"1847,0,""br"",31,""Female"",1"
"1848,1,""mx"",49,""Male"",3"
"1849,2,""es"",33,""Female"",1"
"1850,0,""it"",30,""Male"",1"
"1851,2,""es"",48,""Female"",3"
"1852,0,""es"",49,""Female"",2"
"1853,1,""us"",43,""Male"",3"
"1854,1,""ca"",46,""Female"",3"
"1855,0,""us"",33,""Male"",1"
"1856,2,""us"",31,""Female"",1"
"1857,0,""ca"",44,""Female"",4"
"1858,1,""gb"",34,""Male"",4"
"1859,2,""au"",41,""Male"",3"
"1860,0,""de"",42,""Male"",3"
"1861,2,""fr"",38,""Female"",3"
"1862,0,""br"",31,""Female"",2"
"1863,1,""mx"",35,""Female"",1"
"1864,1,""es"",32,""Male"",1"
"1865,0,""it"",39,""Male"",1"
"1866,2,""es"",42,""Male"",3"
"1867,0,""es"",31,""Male"",2"
"1868,1,""us"",38,""Male"",2"
"1869,2,""ca"",48,""Male"",4"
"1870,0,""us"",29,""Male"",2"
"1871,0,""us"",43,""Female"",4"
"1872,0,""ca"",49,""Female"",1"
"1873,1,""gb"",50,""Male"",1"
"1874,2,""au"",50,""Male"",1"
"1875,0,""de"",51,""Male"",4"
"1876,0,""fr"",29,""Male"",2"
"1877,2,""br"",50,""Female"",1"
"1878,1,""mx"",39,""Female"",2"
"1879,1,""es"",27,""Female"",4"
"1880,0,""it"",29,""Male"",4"
"1881,2,""es"",28,""Male"",2"
"1882,1,""es"",46,""Male"",1"
"1883,0,""us"",50,""Female"",2"
"1884,1,""ca"",33,""Female"",2"
"1885,2,""us"",32,""Female"",2"
"1886,0,""us"",38,""Male"",4"
"1887,2,""ca"",49,""Male"",4"
"1888,1,""gb"",50,""Male"",3"
"1889,0,""au"",37,""Female"",3"
"1890,1,""de"",33,""Female"",3"
"1891,2,""fr"",33,""Female"",2"
"1892,0,""br"",46,""Male"",1"
"1893,1,""mx"",28,""Male"",1"
"1894,2,""es"",33,""Male"",2"
"1895,0,""it"",45,""Male"",3"
"1896,2,""es"",43,""Male"",3"
"1897,0,""es"",49,""Female"",1"
"1898,1,""us"",41,""Female"",2"
"1899,1,""ca"",39,""Female"",1"
"1900,0,""us"",45,""Female"",1"
"1901,2,""us"",38,""Male"",2"
"1902,0,""ca"",30,""Male"",4"
"1903,1,""gb"",27,""Female"",4"
"1904,2,""au"",36,""Female"",1"
"1905,0,""de"",36,""Female"",2"
"1906,2,""fr"",28,""Male"",2"
"1907,0,""br"",45,""Female"",1"
"1908,1,""mx"",41,""Male"",1"
"1909,1,""es"",29,""Male"",4"
"1910,0,""it"",35,""Male"",1"
"1911,2,""es"",36,""Female"",4"
"1912,0,""es"",41,""Male"",3"
"1913,1,""us"",46,""Male"",2"
"1914,2,""ca"",46,""Female"",2"
"1915,0,""us"",42,""Male"",1"
"1916,2,""us"",40,""Male"",2"
"1917,0,""ca"",32,""Female"",2"
"1918,1,""gb"",34,""Female"",1"
"1919,1,""au"",27,""Female"",4"
"1920,0,""de"",38,""Male"",3"
"1921,2,""fr"",34,""Female"",3"
"1922,0,""br"",28,""Male"",2"
"1923,1,""mx"",48,""Male"",1"
"1924,2,""es"",42,""Female"",3"
"1925,0,""it"",37,""Female"",4"
"1926,2,""es"",28,""Female"",2"
"1927,0,""es"",43,""Female"",4"
"1928,1,""us"",44,""Female"",4"
"1929,1,""ca"",33,""Female"",1"
"1930,0,""us"",36,""Male"",4"
"1931,2,""us"",27,""Male"",2"
"1932,0,""ca"",41,""Male"",2"
"1933,1,""gb"",32,""Male"",4"
"1934,2,""au"",36,""Female"",3"
"1935,0,""de"",36,""Female"",2"
"1936,2,""fr"",36,""Male"",3"
"1937,0,""br"",32,""Male"",4"
"1938,1,""mx"",45,""Female"",1"
"1939,1,""es"",43,""Female"",2"
"1940,0,""it"",35,""Male"",2"
"1941,2,""es"",29,""Female"",4"
"1942,0,""es"",33,""Female"",4"
"1943,1,""us"",49,""Male"",4"
"1944,2,""ca"",27,""Male"",2"
"1945,0,""us"",39,""Female"",4"
"1946,0,""us"",34,""Female"",4"
"1947,0,""ca"",39,""Male"",1"
"1948,1,""gb"",39,""Female"",3"
"1949,2,""au"",39,""Female"",4"
"1950,0,""de"",40,""Female"",3"
"1951,0,""fr"",40,""Male"",2"
"1952,2,""br"",31,""Male"",1"
"1953,1,""mx"",47,""Male"",1"
"1954,1,""es"",43,""Male"",3"
"1955,0,""it"",34,""Male"",1"
"1956,2,""es"",30,""Female"",2"
"1957,1,""es"",33,""Female"",1"
"1958,0,""us"",29,""Male"",2"
"1959,1,""ca"",35,""Female"",1"
"1960,2,""us"",41,""Female"",3"
"1961,0,""us"",34,""Female"",1"
"1962,2,""ca"",28,""Female"",2"
"1963,1,""gb"",31,""Male"",4"
"1964,0,""au"",29,""Male"",4"
"1965,1,""de"",44,""Female"",2"
"1966,2,""fr"",44,""Female"",2"
"1967,0,""br"",29,""Male"",3"
"1968,1,""mx"",32,""Female"",2"
"1969,2,""es"",31,""Male"",1"
"1970,0,""it"",27,""Male"",3"
"1971,2,""es"",43,""Female"",3"
"1972,0,""es"",48,""Male"",2"
"1973,1,""us"",37,""Female"",2"
"1974,1,""ca"",42,""Male"",1"
"1975,0,""us"",40,""Male"",2"
"1976,2,""us"",37,""Female"",2"
"1977,0,""ca"",31,""Male"",1"
"1978,1,""gb"",30,""Male"",4"
"1979,2,""au"",51,""Female"",1"
"1980,0,""de"",42,""Female"",3"
"1981,2,""fr"",37,""Female"",1"
"1982,0,""br"",44,""Female"",1"
"1983,1,""mx"",37,""Male"",2"
"1984,1,""es"",44,""Male"",1"
"1985,0,""it"",40,""Male"",2"
"1986,2,""es"",27,""Male"",4"
"1987,0,""es"",31,""Male"",4"
"1988,1,""us"",39,""Female"",1"
"1989,2,""ca"",47,""Female"",2"
"1990,0,""us"",30,""Male"",4"
"1991,2,""us"",35,""Male"",3"
"1992,0,""ca"",39,""Male"",1"
"1993,1,""gb"",29,""Female"",2"
"1994,1,""au"",28,""Male"",3"
"1995,0,""de"",39,""Male"",2"
"1996,2,""fr"",34,""Male"",4"
"1997,0,""br"",47,""Male"",4"
"1998,1,""mx"",47,""Female"",4"
"1999,2,""es"",46,""Male"",4"
"2000,0,""it"",31,""Male"",4"
"2001,2,""es"",41,""Female"",4"
"2002,0,""es"",30,""Female"",1"
"2003,1,""us"",41,""Male"",2"
"2004,1,""ca"",48,""Female"",3"
"2005,0,""us"",35,""Female"",3"
"2006,2,""us"",41,""Female"",3"
"2007,0,""ca"",39,""Female"",4"
"2008,1,""gb"",45,""Male"",3"
"2009,2,""au"",41,""Male"",3"
"2010,0,""de"",28,""Male"",3"
"2011,2,""fr"",28,""Female"",2"
"2012,0,""br"",48,""Male"",4"
"2013,1,""mx"",40,""Female"",4"
"2014,1,""es"",39,""Male"",4"
"2015,0,""it"",27,""Male"",1"
"2016,2,""es"",32,""Female"",4"
"2017,0,""es"",38,""Male"",3"
"2018,1,""us"",41,""Female"",3"
"2019,2,""ca"",32,""Female"",3"
"2020,0,""us"",37,""Male"",2"
"2021,0,""us"",50,""Female"",3"
"2022,0,""ca"",48,""Female"",3"
"2023,1,""gb"",37,""Male"",2"
"2024,2,""au"",46,""Female"",3"
"2025,0,""de"",46,""Male"",3"
"2026,0,""fr"",39,""Male"",4"
"2027,2,""br"",42,""Female"",4"
"2028,1,""mx"",41,""Female"",1"
"2029,1,""es"",28,""Male"",4"
"2030,0,""it"",43,""Male"",2"
"2031,2,""es"",45,""Female"",4"
"2032,1,""es"",45,""Male"",4"
"2033,0,""us"",48,""Male"",1"
"2034,1,""ca"",30,""Male"",3"
"2035,2,""us"",51,""Female"",4"
"2036,0,""us"",48,""Female"",1"
"2037,2,""ca"",41,""Female"",4"
"2038,1,""gb"",37,""Female"",1"
"2039,0,""au"",43,""Male"",3"
"2040,1,""de"",51,""Male"",3"
"2041,2,""fr"",34,""Female"",1"
"2042,0,""br"",35,""Female"",1"
"2043,1,""mx"",45,""Female"",4"
"2044,2,""es"",31,""Male"",4"
"2045,0,""it"",50,""Female"",3"
"2046,2,""es"",41,""Male"",1"
"2047,0,""es"",42,""Female"",3"
"2048,1,""us"",41,""Male"",2"
"2049,1,""ca"",34,""Male"",2"
"2050,0,""us"",35,""Female"",1"
"2051,2,""us"",48,""Male"",1"
"2052,0,""ca"",39,""Female"",4"
"2053,1,""gb"",37,""Female"",3"
"2054,2,""au"",31,""Male"",2"
"2055,0,""de"",29,""Female"",3"
"2056,2,""fr"",36,""Male"",2"
"2057,0,""br"",32,""Male"",1"
"2058,1,""mx"",31,""Female"",1"
"2059,1,""es"",31,""Male"",3"
"2060,0,""it"",29,""Male"",4"
"2061,2,""es"",48,""Male"",4"
"2062,0,""es"",46,""Male"",2"
"2063,1,""us"",35,""Female"",1"
"2064,2,""ca"",37,""Female"",2"
"2065,0,""us"",45,""Female"",2"
"2066,2,""us"",48,""Female"",3"
"2067,0,""ca"",44,""Female"",3"
"2068,1,""gb"",47,""Female"",3"
"2069,1,""au"",35,""Male"",4"
"2070,0,""de"",35,""Female"",1"
"2071,2,""fr"",35,""Male"",1"
"2072,0,""br"",49,""Female"",3"
"2073,1,""mx"",50,""Female"",2"
"2074,2,""es"",44,""Male"",1"
"2075,0,""it"",47,""Female"",2"
"2076,2,""es"",46,""Female"",3"
"2077,0,""es"",39,""Female"",3"
"2078,1,""us"",34,""Male"",3"
"2079,1,""ca"",31,""Female"",4"
"2080,0,""us"",46,""Female"",3"
"2081,2,""us"",30,""Male"",4"
"2082,0,""ca"",29,""Male"",2"
"2083,1,""gb"",42,""Male"",2"
"2084,2,""au"",27,""Female"",1"
"2085,0,""de"",33,""Male"",3"
"2086,2,""fr"",45,""Female"",4"
"2087,0,""br"",50,""Male"",2"
"2088,1,""mx"",42,""Female"",2"
"2089,1,""es"",29,""Male"",2"
"2090,0,""it"",31,""Female"",2"
"2091,2,""es"",42,""Female"",1"
"2092,0,""es"",44,""Female"",3"
"2093,1,""us"",34,""Male"",4"
"2094,2,""ca"",40,""Female"",4"
"2095,0,""us"",38,""Male"",4"
"2096,0,""us"",42,""Female"",2"
"2097,0,""ca"",47,""Male"",2"
"2098,1,""gb"",29,""Female"",2"
"2099,2,""au"",29,""Male"",3"
"2100,0,""de"",44,""Female"",4"
"2101,0,""fr"",31,""Male"",2"
"2102,2,""br"",48,""Female"",1"
"2103,1,""mx"",32,""Female"",3"
"2104,1,""es"",28,""Female"",2"
"2105,0,""it"",36,""Female"",1"
"2106,2,""es"",28,""Female"",1"
"2107,1,""es"",32,""Female"",4"
"2108,0,""us"",50,""Female"",1"
"2109,1,""ca"",44,""Male"",2"
"2110,2,""us"",44,""Female"",1"
"2111,0,""us"",47,""Male"",3"
"2112,2,""ca"",39,""Female"",4"
"2113,1,""gb"",44,""Female"",2"
"2114,0,""au"",46,""Female"",2"
"2115,1,""de"",31,""Female"",3"
"2116,2,""fr"",33,""Female"",2"
"2117,0,""br"",27,""Male"",3"
"2118,1,""mx"",34,""Male"",4"
"2119,2,""es"",48,""Male"",3"
"2120,0,""it"",39,""Female"",4"
"2121,2,""es"",39,""Male"",3"
"2122,0,""es"",48,""Female"",4"
"2123,1,""us"",37,""Female"",2"
"2124,1,""ca"",40,""Male"",3"
"2125,0,""us"",41,""Female"",1"
"2126,2,""us"",35,""Female"",1"
"2127,0,""ca"",46,""Male"",1"
"2128,1,""gb"",28,""Female"",2"
"2129,2,""au"",29,""Female"",3"
"2130,0,""de"",46,""Female"",2"
"2131,2,""fr"",35,""Male"",3"
"2132,0,""br"",27,""Male"",4"
"2133,1,""mx"",38,""Male"",3"
"2134,1,""es"",43,""Male"",4"
"2135,0,""it"",31,""Female"",1"
"2136,2,""es"",29,""Female"",2"
"2137,0,""es"",34,""Female"",2"
"2138,1,""us"",39,""Male"",1"
"2139,2,""ca"",34,""Female"",1"
"2140,0,""us"",51,""Male"",2"
"2141,2,""us"",47,""Female"",2"
"2142,0,""ca"",46,""Male"",1"
"2143,1,""gb"",46,""Female"",1"
"2144,1,""au"",47,""Female"",1"
"2145,0,""de"",40,""Female"",4"
"2146,2,""fr"",41,""Female"",2"
"2147,0,""br"",30,""Female"",1"
"2148,1,""mx"",31,""Female"",2"
"2149,2,""es"",42,""Male"",4"
"2150,0,""it"",46,""Female"",2"
"2151,2,""es"",34,""Female"",4"
"2152,0,""es"",42,""Male"",3"
"2153,1,""us"",45,""Male"",2"
"2154,1,""ca"",30,""Male"",4"
"2155,0,""us"",44,""Male"",1"
"2156,2,""us"",37,""Male"",4"
"2157,0,""ca"",43,""Male"",4"
"2158,1,""gb"",46,""Male"",1"
"2159,2,""au"",40,""Female"",2"
"2160,0,""de"",45,""Female"",1"
"2161,2,""fr"",48,""Female"",1"
"2162,0,""br"",43,""Female"",2"
"2163,1,""mx"",48,""Male"",4"
"2164,1,""es"",32,""Female"",1"
"2165,0,""it"",38,""Male"",3"
"2166,2,""es"",50,""Male"",1"
"2167,0,""es"",33,""Female"",3"
"2168,1,""us"",27,""Male"",4"
"2169,2,""ca"",47,""Male"",2"
"2170,0,""us"",35,""Female"",4"
"2171,0,""us"",41,""Male"",2"
"2172,0,""ca"",39,""Female"",4"
"2173,1,""gb"",46,""Female"",1"
"2174,2,""au"",33,""Female"",1"
"2175,0,""de"",30,""Male"",3"
"2176,0,""fr"",46,""Male"",2"
"2177,2,""br"",42,""Female"",2"
"2178,1,""mx"",28,""Female"",2"
"2179,1,""es"",40,""Male"",4"
"2180,0,""it"",31,""Female"",4"
"2181,2,""es"",27,""Male"",3"
"2182,1,""es"",45,""Female"",2"
"2183,0,""us"",49,""Female"",4"
"2184,1,""ca"",28,""Male"",2"
"2185,2,""us"",33,""Male"",4"
"2186,0,""us"",38,""Male"",4"
"2187,2,""ca"",44,""Male"",2"
"2188,1,""gb"",34,""Female"",3"
"2189,0,""au"",35,""Male"",3"
"2190,1,""de"",47,""Male"",2"
"2191,2,""fr"",30,""Male"",1"
"2192,0,""br"",50,""Female"",4"
"2193,1,""mx"",32,""Male"",3"
"2194,2,""es"",36,""Female"",4"
"2195,0,""it"",40,""Female"",4"
"2196,2,""es"",39,""Male"",1"
"2197,0,""es"",28,""Male"",1"
"2198,1,""us"",29,""Female"",4"
"2199,1,""ca"",49,""Male"",2"
"2200,0,""us"",40,""Male"",3"
"2201,2,""us"",29,""Male"",3"
"2202,0,""ca"",35,""Female"",2"
"2203,1,""gb"",44,""Male"",1"
"2204,2,""au"",39,""Male"",4"
"2205,0,""de"",27,""Male"",4"
"2206,2,""fr"",31,""Male"",4"
"2207,0,""br"",39,""Female"",3"
"2208,1,""mx"",44,""Male"",3"
"2209,1,""es"",48,""Female"",2"
"2210,0,""it"",27,""Male"",1"
"2211,2,""es"",27,""Male"",3"
"2212,0,""es"",41,""Male"",4"
"2213,1,""us"",44,""Female"",2"
"2214,2,""ca"",29,""Female"",2"
"2215,0,""us"",42,""Female"",1"
"2216,2,""us"",45,""Female"",4"
"2217,0,""ca"",39,""Female"",2"
"2218,1,""gb"",41,""Female"",2"
"2219,1,""au"",41,""Female"",3"
"2220,0,""de"",41,""Male"",1"
"2221,2,""fr"",47,""Female"",4"
"2222,0,""br"",49,""Female"",1"
"2223,1,""mx"",29,""Male"",3"
"2224,2,""es"",33,""Male"",2"
"2225,0,""it"",45,""Female"",4"
"2226,2,""es"",41,""Female"",3"
"2227,0,""es"",31,""Male"",3"
"2228,1,""us"",51,""Male"",2"
"2229,1,""ca"",43,""Female"",1"
"2230,0,""us"",33,""Female"",3"
"2231,2,""us"",47,""Female"",1"
"2232,0,""ca"",40,""Female"",3"
"2233,1,""gb"",34,""Female"",1"
"2234,2,""au"",40,""Male"",2"
"2235,0,""de"",38,""Male"",3"
"2236,2,""fr"",47,""Male"",4"
"2237,0,""br"",29,""Male"",4"
"2238,1,""mx"",49,""Female"",1"
"2239,1,""es"",40,""Male"",4"
"2240,0,""it"",51,""Female"",3"
"2241,2,""es"",51,""Female"",2"
"2242,0,""es"",50,""Female"",4"
"2243,1,""us"",47,""Female"",3"
"2244,2,""ca"",40,""Male"",4"
"2245,0,""us"",35,""Female"",4"
"2246,0,""us"",37,""Female"",4"
"2247,0,""ca"",30,""Male"",2"
"2248,1,""gb"",47,""Female"",2"
"2249,2,""au"",35,""Male"",1"
"2250,0,""de"",33,""Male"",2"
"2251,0,""fr"",51,""Female"",3"
"2252,2,""br"",31,""Female"",2"
"2253,1,""mx"",48,""Female"",3"
"2254,1,""es"",40,""Male"",3"
"2255,0,""it"",41,""Female"",3"
"2256,2,""es"",41,""Male"",3"
"2257,1,""es"",28,""Female"",3"
"2258,0,""us"",45,""Female"",3"
"2259,1,""ca"",32,""Female"",3"
"2260,2,""us"",31,""Male"",2"
"2261,0,""us"",40,""Female"",2"
"2262,2,""ca"",40,""Female"",1"
"2263,1,""gb"",50,""Male"",2"
"2264,0,""au"",41,""Male"",1"
"2265,1,""de"",43,""Male"",2"
"2266,2,""fr"",43,""Male"",2"
"2267,0,""br"",36,""Female"",1"
"2268,1,""mx"",48,""Male"",4"
"2269,2,""es"",33,""Female"",1"
"2270,0,""it"",30,""Female"",4"
"2271,2,""es"",37,""Female"",3"
"2272,0,""es"",49,""Male"",4"
"2273,1,""us"",47,""Female"",1"
"2274,1,""ca"",45,""Female"",2"
"2275,0,""us"",50,""Male"",4"
"2276,2,""us"",36,""Male"",1"
"2277,0,""ca"",37,""Male"",4"
"2278,1,""gb"",38,""Female"",2"
"2279,2,""au"",40,""Male"",4"
"2280,0,""de"",38,""Female"",4"
"2281,2,""fr"",46,""Female"",2"
"2282,0,""br"",40,""Female"",1"
"2283,1,""mx"",34,""Male"",4"
"2284,1,""es"",39,""Female"",1"
"2285,0,""it"",47,""Male"",1"
"2286,2,""es"",41,""Male"",3"
"2287,0,""es"",47,""Female"",2"
"2288,1,""us"",50,""Male"",1"
"2289,2,""ca"",31,""Male"",2"
"2290,0,""us"",41,""Male"",1"
"2291,2,""us"",31,""Female"",3"
"2292,0,""ca"",41,""Female"",4"
"2293,1,""gb"",28,""Male"",2"
"2294,1,""au"",40,""Female"",1"
"2295,0,""de"",34,""Female"",4"
"2296,2,""fr"",37,""Male"",1"
"2297,0,""br"",30,""Female"",3"
"2298,1,""mx"",32,""Male"",2"
"2299,2,""es"",41,""Male"",1"
"2300,0,""it"",42,""Female"",2"
"2301,2,""es"",40,""Male"",3"
"2302,0,""es"",30,""Female"",1"
"2303,1,""us"",43,""Male"",3"
"2304,1,""ca"",31,""Female"",2"
"2305,0,""us"",45,""Male"",1"
"2306,2,""us"",33,""Male"",4"
"2307,0,""ca"",41,""Male"",1"
"2308,1,""gb"",37,""Male"",4"
"2309,2,""au"",40,""Female"",1"
"2310,0,""de"",36,""Male"",2"
"2311,2,""fr"",28,""Male"",4"
"2312,0,""br"",38,""Male"",1"
"2313,1,""mx"",36,""Female"",2"
"2314,1,""es"",47,""Female"",4"
"2315,0,""it"",35,""Female"",3"
"2316,2,""es"",29,""Female"",2"
"2317,0,""es"",49,""Female"",4"
"2318,1,""us"",34,""Male"",4"
"2319,2,""ca"",37,""Male"",4"
"2320,0,""us"",50,""Male"",4"
"2321,0,""us"",38,""Male"",4"
"2322,0,""ca"",37,""Female"",4"
"2323,1,""gb"",34,""Male"",3"
"2324,2,""au"",30,""Male"",4"
"2325,0,""de"",35,""Male"",3"
"2326,0,""fr"",39,""Male"",2"
"2327,2,""br"",47,""Female"",2"
"2328,1,""mx"",40,""Female"",3"
"2329,1,""es"",33,""Male"",4"
"2330,0,""it"",32,""Female"",1"
"2331,2,""es"",32,""Male"",4"
"2332,1,""es"",30,""Female"",4"
"2333,0,""us"",49,""Male"",2"
"2334,1,""ca"",39,""Female"",1"
"2335,2,""us"",45,""Male"",3"
"2336,0,""us"",43,""Male"",1"
"2337,2,""ca"",41,""Male"",1"
"2338,1,""gb"",38,""Female"",2"
"2339,0,""au"",34,""Female"",1"
"2340,1,""de"",38,""Male"",3"
"2341,2,""fr"",48,""Male"",2"
"2342,0,""br"",38,""Female"",4"
"2343,1,""mx"",34,""Female"",3"
"2344,2,""es"",44,""Female"",2"
"2345,0,""it"",39,""Male"",1"
"2346,2,""es"",43,""Female"",1"
"2347,0,""es"",49,""Female"",4"
"2348,1,""us"",48,""Female"",4"
"2349,1,""ca"",47,""Female"",2"
"2350,0,""us"",27,""Female"",3"
"2351,2,""us"",40,""Female"",1"
"2352,0,""ca"",43,""Female"",4"
"2353,1,""gb"",30,""Female"",3"
"2354,2,""au"",43,""Female"",4"
"2355,0,""de"",49,""Male"",3"
"2356,2,""fr"",47,""Male"",1"
"2357,0,""br"",33,""Male"",1"
"2358,1,""mx"",48,""Female"",1"
"2359,1,""es"",31,""Male"",3"
"2360,0,""it"",30,""Male"",2"
"2361,2,""es"",34,""Female"",1"
"2362,0,""es"",37,""Male"",1"
"2363,1,""us"",44,""Female"",4"
"2364,2,""ca"",28,""Female"",4"
"2365,0,""us"",47,""Male"",1"
"2366,2,""us"",43,""Male"",4"
"2367,0,""ca"",51,""Male"",2"
"2368,1,""gb"",50,""Male"",3"
"2369,1,""au"",40,""Female"",1"
"2370,0,""de"",31,""Female"",3"
"2371,2,""fr"",29,""Female"",1"
"2372,0,""br"",38,""Female"",2"
"2373,1,""mx"",47,""Male"",2"
"2374,2,""es"",30,""Male"",2"
"2375,0,""it"",42,""Male"",3"
"2376,2,""es"",49,""Male"",4"
"2377,0,""es"",50,""Female"",2"
"2378,1,""us"",51,""Male"",4"
"2379,1,""ca"",47,""Male"",1"
"2380,0,""us"",36,""Female"",1"
"2381,2,""us"",30,""Female"",3"
"2382,0,""ca"",34,""Female"",2"
"2383,1,""gb"",35,""Female"",2"
"2384,2,""au"",30,""Male"",4"
"2385,0,""de"",30,""Male"",2"
"2386,2,""fr"",41,""Female"",1"
"2387,0,""br"",39,""Female"",1"
"2388,1,""mx"",30,""Male"",2"
"2389,1,""es"",36,""Female"",4"
"2390,0,""it"",33,""Female"",1"
"2391,2,""es"",35,""Female"",2"
"2392,0,""es"",46,""Male"",2"
"2393,1,""us"",51,""Female"",2"
"2394,2,""ca"",42,""Female"",1"
"2395,0,""us"",30,""Female"",4"
"2396,0,""us"",45,""Male"",1"
"2397,0,""ca"",27,""Male"",1"
"2398,1,""gb"",41,""Male"",4"
"2399,2,""au"",35,""Male"",2"
"2400,0,""de"",30,""Male"",3"
"2401,0,""fr"",35,""Female"",3"
"2402,2,""br"",47,""Female"",1"
"2403,1,""mx"",41,""Male"",3"
"2404,1,""es"",48,""Female"",2"
"2405,0,""it"",32,""Female"",4"
"2406,2,""es"",35,""Female"",4"
"2407,1,""es"",31,""Female"",1"
"2408,0,""us"",45,""Female"",1"
"2409,1,""ca"",38,""Female"",3"
"2410,2,""us"",34,""Male"",1"
"2411,0,""us"",37,""Female"",1"
"2412,2,""ca"",27,""Female"",4"
"2413,1,""gb"",44,""Female"",2"
"2414,0,""au"",46,""Male"",4"
"2415,1,""de"",37,""Male"",4"
"2416,2,""fr"",44,""Male"",2"
"2417,0,""br"",29,""Male"",4"
"2418,1,""mx"",28,""Female"",3"
"2419,2,""es"",50,""Male"",4"
"2420,0,""it"",39,""Male"",3"
"2421,2,""es"",34,""Female"",4"
"2422,0,""es"",40,""Male"",4"
"2423,1,""us"",30,""Male"",3"
"2424,1,""ca"",41,""Female"",3"
"2425,0,""us"",39,""Male"",2"
"2426,2,""us"",51,""Male"",1"
"2427,0,""ca"",28,""Female"",1"
"2428,1,""gb"",30,""Female"",2"
"2429,2,""au"",30,""Female"",1"
"2430,0,""de"",44,""Female"",2"
"2431,2,""fr"",29,""Female"",4"
"2432,0,""br"",28,""Female"",2"
"2433,1,""mx"",48,""Male"",2"
"2434,1,""es"",42,""Female"",4"
"2435,0,""it"",39,""Male"",1"
"2436,2,""es"",44,""Female"",4"
"2437,0,""es"",49,""Male"",4"
"2438,1,""us"",49,""Female"",4"
"2439,2,""ca"",36,""Female"",3"
"2440,0,""us"",50,""Female"",3"
"2441,2,""us"",49,""Female"",1"
"2442,0,""ca"",36,""Male"",1"
"2443,1,""gb"",28,""Female"",3"
"2444,1,""au"",45,""Female"",1"
"2445,0,""de"",31,""Female"",1"
"2446,2,""fr"",46,""Male"",2"
"2447,0,""br"",27,""Male"",2"
"2448,1,""mx"",43,""Male"",2"
"2449,2,""es"",51,""Female"",4"
"2450,0,""it"",47,""Female"",1"
"2451,2,""es"",48,""Female"",2"
"2452,0,""es"",31,""Female"",2"
"2453,1,""us"",48,""Female"",1"
"2454,1,""ca"",36,""Male"",1"
"2455,0,""us"",38,""Female"",2"
"2456,2,""us"",39,""Male"",1"
"2457,0,""ca"",48,""Male"",2"
"2458,1,""gb"",30,""Female"",4"
"2459,2,""au"",30,""Male"",4"
"2460,0,""de"",35,""Female"",4"
"2461,2,""fr"",41,""Male"",3"
"2462,0,""br"",40,""Female"",4"
"2463,1,""mx"",50,""Male"",4"
"2464,1,""es"",42,""Female"",1"
"2465,0,""it"",30,""Male"",2"
"2466,2,""es"",34,""Male"",3"
"2467,0,""es"",40,""Female"",1"
"2468,1,""us"",47,""Female"",1"
"2469,2,""ca"",36,""Male"",3"
"2470,0,""us"",50,""Female"",2"
"2471,0,""us"",46,""Male"",1"
"2472,0,""ca"",27,""Female"",2"
"2473,1,""gb"",39,""Female"",3"
"2474,2,""au"",49,""Male"",4"
"2475,0,""de"",37,""Female"",2"
"2476,0,""fr"",28,""Male"",2"
"2477,2,""br"",40,""Male"",3"
"2478,1,""mx"",47,""Male"",2"
"2479,1,""es"",51,""Female"",3"
"2480,0,""it"",47,""Male"",3"
"2481,2,""es"",33,""Female"",3"
"2482,1,""es"",37,""Female"",3"
"2483,0,""us"",42,""Male"",3"
"2484,1,""ca"",50,""Female"",4"
"2485,2,""us"",47,""Female"",2"
"2486,0,""us"",40,""Female"",1"
"2487,2,""ca"",35,""Male"",4"
"2488,1,""gb"",29,""Female"",1"
"2489,0,""au"",48,""Female"",1"
"2490,1,""de"",35,""Male"",4"
"2491,2,""fr"",41,""Female"",1"
"2492,0,""br"",29,""Female"",3"
"2493,1,""mx"",33,""Male"",4"
"2494,2,""es"",36,""Male"",4"
"2495,0,""it"",43,""Female"",3"
"2496,2,""es"",28,""Female"",4"
"2497,0,""es"",33,""Female"",4"
"2498,1,""us"",38,""Male"",3"
"2499,1,""ca"",48,""Female"",2"
"2500,0,""us"",35,""Female"",4"
